seed,condition,phase,block,episode_start,episode_end,episodes_planned,episodes_completed,status,verify_valid,success_rate,brier_mean
200,training,acquisition,1,1,10,10,10,ok,True,1,0.10675489902496338
200,training,acquisition,2,11,20,10,10,ok,True,1,0.0071683910391584504
200,training,acquisition,3,21,30,10,10,ok,True,1,0.00032694353113007883
200,training,acquisition,4,31,40,10,10,ok,True,1,3.214958500139575e-05
200,adaptive,adaptation,1,1,10,10,10,ok,True,0.4,0.4250838990693792
200,adaptive,adaptation,2,11,20,10,10,ok,True,1,0.028595045408563707
200,adaptive,adaptation,3,21,30,10,10,ok,True,1,0.0013023514916239223
200,adaptive,adaptation,4,31,40,10,10,ok,True,1,0.0001330008791803346
200,frozen,adaptation,1,1,10,10,10,ok,True,0,0.9949633445534066
200,frozen,adaptation,2,11,20,10,10,ok,True,0,0.9961964271780335
200,frozen,adaptation,3,21,30,10,10,ok,True,0,0.9968129684903468
200,frozen,adaptation,4,31,40,10,10,ok,True,0,0.9955798858657201
200,sham,adaptation,1,1,10,10,10,ok,True,0.4,0.4250838990693792
200,sham,adaptation,2,11,20,10,10,ok,True,1,0.028595045408563707
200,sham,adaptation,3,21,30,10,10,ok,True,1,0.0013023514916239223
200,sham,adaptation,4,31,40,10,10,ok,True,1,0.0001330008791803346
200,resumed,adaptation,1,1,10,10,10,ok,True,0.4,0.4250838990693792
200,resumed,adaptation,2,11,20,10,10,ok,True,1,0.028595045408563707
200,resumed,adaptation,3,21,30,10,10,ok,True,1,0.0013023514916239223
200,resumed,adaptation,4,31,40,10,10,ok,True,1,0.0001330008791803346
200,untrained_frozen,acquisition,1,1,10,10,10,ok,True,0.9,0.25
200,untrained_frozen,acquisition,2,11,20,10,10,ok,True,0.9,0.25
200,untrained_frozen,acquisition,3,21,30,10,10,ok,True,0.7,0.25
200,untrained_frozen,acquisition,4,31,40,10,10,ok,True,0.6,0.25
200,untrained_frozen,adaptation,1,1,10,10,10,ok,True,0.4,0.25
200,untrained_frozen,adaptation,2,11,20,10,10,ok,True,0.5,0.25
200,untrained_frozen,adaptation,3,21,30,10,10,ok,True,0.5,0.25
200,untrained_frozen,adaptation,4,31,40,10,10,ok,True,0.2,0.25
201,training,acquisition,1,1,10,10,10,ok,True,1,0.10784988403320313
201,training,acquisition,2,11,20,10,10,ok,True,1,0.006011743576550543
201,training,acquisition,3,21,30,10,10,ok,True,1,0.0003649338157961029
201,training,acquisition,4,31,40,10,10,ok,True,1,5.780799143456531e-05
201,adaptive,adaptation,1,1,10,10,10,ok,True,0.4,0.42997574343451267
201,adaptive,adaptation,2,11,20,10,10,ok,True,1,0.024213445352615874
201,adaptive,adaptation,3,21,30,10,10,ok,True,1,0.0013496545278279958
201,adaptive,adaptation,4,31,40,10,10,ok,True,1,9.067565018849259e-05
201,frozen,adaptation,1,1,10,10,10,ok,True,0,0.9966995961306239
201,frozen,adaptation,2,11,20,10,10,ok,True,0,0.9966995961306239
201,frozen,adaptation,3,21,30,10,10,ok,True,0,0.996514914306131
201,frozen,adaptation,4,31,40,10,10,ok,True,0,0.9968842779551167
201,sham,adaptation,1,1,10,10,10,ok,True,0.4,0.42997574343451267
201,sham,adaptation,2,11,20,10,10,ok,True,1,0.024213445352615874
201,sham,adaptation,3,21,30,10,10,ok,True,1,0.0013496545278279958
201,sham,adaptation,4,31,40,10,10,ok,True,1,9.067565018849259e-05
201,resumed,adaptation,1,1,10,10,10,ok,True,0.4,0.42997574343451267
201,resumed,adaptation,2,11,20,10,10,ok,True,1,0.024213445352615874
201,resumed,adaptation,3,21,30,10,10,ok,True,1,0.0013496545278279958
201,resumed,adaptation,4,31,40,10,10,ok,True,1,9.067565018849259e-05
201,untrained_frozen,acquisition,1,1,10,10,10,ok,True,0.7,0.25
201,untrained_frozen,acquisition,2,11,20,10,10,ok,True,0.3,0.25
201,untrained_frozen,acquisition,3,21,30,10,10,ok,True,0.3,0.25
201,untrained_frozen,acquisition,4,31,40,10,10,ok,True,0.6,0.25
201,untrained_frozen,adaptation,1,1,10,10,10,ok,True,0.6,0.25
201,untrained_frozen,adaptation,2,11,20,10,10,ok,True,0.7,0.25
201,untrained_frozen,adaptation,3,21,30,10,10,ok,True,0.4,0.25
201,untrained_frozen,adaptation,4,31,40,10,10,ok,True,0.7,0.25
202,training,acquisition,1,1,10,10,10,ok,True,0.9,0.10675489902496338
202,training,acquisition,2,11,20,10,10,ok,True,1,0.006900758858741085
202,training,acquisition,3,21,30,10,10,ok,True,1,0.0006061745907450221
202,training,acquisition,4,31,40,10,10,ok,True,1,2.2732487246326733e-05
202,adaptive,adaptation,1,1,10,10,10,ok,True,0.4,0.42566650004827633
202,adaptive,adaptation,2,11,20,10,10,ok,True,1,0.028336838038442988
202,adaptive,adaptation,3,21,30,10,10,ok,True,1,0.001609592651502979
202,adaptive,adaptation,4,31,40,10,10,ok,True,1,7.601641329397597e-05
202,frozen,adaptation,1,1,10,10,10,ok,True,0,0.9968313022073564
202,frozen,adaptation,2,11,20,10,10,ok,True,0,0.9968313022073564
202,frozen,adaptation,3,21,30,10,10,ok,True,0,0.9968313022073564
202,frozen,adaptation,4,31,40,10,10,ok,True,0,0.9968313022073564
202,sham,adaptation,1,1,10,10,10,ok,True,0.4,0.42566650004827633
202,sham,adaptation,2,11,20,10,10,ok,True,1,0.028336838038442988
202,sham,adaptation,3,21,30,10,10,ok,True,1,0.001609592651502979
202,sham,adaptation,4,31,40,10,10,ok,True,1,7.601641329397597e-05
202,resumed,adaptation,1,1,10,10,10,ok,True,0.4,0.42566650004827633
202,resumed,adaptation,2,11,20,10,10,ok,True,1,0.028336838038442988
202,resumed,adaptation,3,21,30,10,10,ok,True,1,0.001609592651502979
202,resumed,adaptation,4,31,40,10,10,ok,True,1,7.601641329397597e-05
202,untrained_frozen,acquisition,1,1,10,10,10,ok,True,0.5,0.25
202,untrained_frozen,acquisition,2,11,20,10,10,ok,True,0.6,0.25
202,untrained_frozen,acquisition,3,21,30,10,10,ok,True,0.6,0.25
202,untrained_frozen,acquisition,4,31,40,10,10,ok,True,0.4,0.25
202,untrained_frozen,adaptation,1,1,10,10,10,ok,True,0.4,0.25
202,untrained_frozen,adaptation,2,11,20,10,10,ok,True,0.8,0.25
202,untrained_frozen,adaptation,3,21,30,10,10,ok,True,0.6,0.25
202,untrained_frozen,adaptation,4,31,40,10,10,ok,True,0.3,0.25
203,training,acquisition,1,1,10,10,10,ok,True,0.9,0.0818207022792194
203,training,acquisition,2,11,20,10,10,ok,True,1,0.03141459168608529
203,training,acquisition,3,21,30,10,10,ok,True,1,0.0008686335476041258
203,training,acquisition,4,31,40,10,10,ok,True,1,7.985172070476485e-05
203,adaptive,adaptation,1,1,10,10,10,ok,True,0.4,0.4044841316796356
203,adaptive,adaptation,2,11,20,10,10,ok,True,1,0.039021033270587445
203,adaptive,adaptation,3,21,30,10,10,ok,True,1,0.0036366826754803557
203,adaptive,adaptation,4,31,40,10,10,ok,True,1,0.00035553177776555077
203,frozen,adaptation,1,1,10,10,10,ok,True,0,0.98729657799837
203,frozen,adaptation,2,11,20,10,10,ok,True,0,0.9831414690910041
203,frozen,adaptation,3,21,30,10,10,ok,True,0,0.9831414690910041
203,frozen,adaptation,4,31,40,10,10,ok,True,0,0.9831414690910041
203,sham,adaptation,1,1,10,10,10,ok,True,0.4,0.4044841316796356
203,sham,adaptation,2,11,20,10,10,ok,True,1,0.039021033270587445
203,sham,adaptation,3,21,30,10,10,ok,True,1,0.0036366826754803557
203,sham,adaptation,4,31,40,10,10,ok,True,1,0.00035553177776555077
203,resumed,adaptation,1,1,10,10,10,ok,True,0.4,0.4044841316796356
203,resumed,adaptation,2,11,20,10,10,ok,True,1,0.039021033270587445
203,resumed,adaptation,3,21,30,10,10,ok,True,1,0.0036366826754803557
203,resumed,adaptation,4,31,40,10,10,ok,True,1,0.00035553177776555077
203,untrained_frozen,acquisition,1,1,10,10,10,ok,True,0.5,0.25
203,untrained_frozen,acquisition,2,11,20,10,10,ok,True,0.5,0.25
203,untrained_frozen,acquisition,3,21,30,10,10,ok,True,0.4,0.25
203,untrained_frozen,acquisition,4,31,40,10,10,ok,True,0.4,0.25
203,untrained_frozen,adaptation,1,1,10,10,10,ok,True,0.5,0.25
203,untrained_frozen,adaptation,2,11,20,10,10,ok,True,0.5,0.25
203,untrained_frozen,adaptation,3,21,30,10,10,ok,True,0.6,0.25
203,untrained_frozen,adaptation,4,31,40,10,10,ok,True,0.5,0.25
204,training,acquisition,1,1,10,10,10,ok,True,0.8,0.10309734493494034
204,training,acquisition,2,11,20,10,10,ok,True,1,0.010558312948764127
204,training,acquisition,3,21,30,10,10,ok,True,1,0.0005271029683371897
204,training,acquisition,4,31,40,10,10,ok,True,1,9.962232821165024e-05
204,adaptive,adaptation,1,1,10,10,10,ok,True,0.4,0.4250838990693792
204,adaptive,adaptation,2,11,20,10,10,ok,True,1,0.027522893446409586
204,adaptive,adaptation,3,21,30,10,10,ok,True,1,0.0022791908189818155
204,adaptive,adaptation,4,31,40,10,10,ok,True,1,0.00021309195923939099
204,frozen,adaptation,1,1,10,10,10,ok,True,0,0.9949633445534066
204,frozen,adaptation,2,11,20,10,10,ok,True,0,0.9949633445534066
204,frozen,adaptation,3,21,30,10,10,ok,True,0,0.9949633445534066
204,frozen,adaptation,4,31,40,10,10,ok,True,0,0.9949633445534066
204,sham,adaptation,1,1,10,10,10,ok,True,0.4,0.4250838990693792
204,sham,adaptation,2,11,20,10,10,ok,True,1,0.027522893446409586
204,sham,adaptation,3,21,30,10,10,ok,True,1,0.0022791908189818155
204,sham,adaptation,4,31,40,10,10,ok,True,1,0.00021309195923939099
204,resumed,adaptation,1,1,10,10,10,ok,True,0.4,0.4250838990693792
204,resumed,adaptation,2,11,20,10,10,ok,True,1,0.027522893446409586
204,resumed,adaptation,3,21,30,10,10,ok,True,1,0.0022791908189818155
204,resumed,adaptation,4,31,40,10,10,ok,True,1,0.00021309195923939099
204,untrained_frozen,acquisition,1,1,10,10,10,ok,True,0.6,0.25
204,untrained_frozen,acquisition,2,11,20,10,10,ok,True,0.4,0.25
204,untrained_frozen,acquisition,3,21,30,10,10,ok,True,0.4,0.25
204,untrained_frozen,acquisition,4,31,40,10,10,ok,True,0.6,0.25
204,untrained_frozen,adaptation,1,1,10,10,10,ok,True,0.4,0.25
204,untrained_frozen,adaptation,2,11,20,10,10,ok,True,0.3,0.25
204,untrained_frozen,adaptation,3,21,30,10,10,ok,True,0.4,0.25
204,untrained_frozen,adaptation,4,31,40,10,10,ok,True,0.7,0.25
205,training,acquisition,1,1,10,10,10,ok,True,0.9,0.10675489902496338
205,training,acquisition,2,11,20,10,10,ok,True,1,0.00710672858479029
205,training,acquisition,3,21,30,10,10,ok,True,1,0.00040020486469581775
205,training,acquisition,4,31,40,10,10,ok,True,1,2.1883768880544245e-05
205,adaptive,adaptation,1,1,10,10,10,ok,True,0.4,0.41093131603180316
205,adaptive,adaptation,2,11,20,10,10,ok,True,1,0.04201027287776102
205,adaptive,adaptation,3,21,30,10,10,ok,True,1,0.0023657461196507556
205,adaptive,adaptation,4,31,40,10,10,ok,True,1,0.0001365931954716966
205,frozen,adaptation,1,1,10,10,10,ok,True,0,0.9970629628922159
205,frozen,adaptation,2,11,20,10,10,ok,True,0,0.9962936123030601
205,frozen,adaptation,3,21,30,10,10,ok,True,0,0.9962936123030601
205,frozen,adaptation,4,31,40,10,10,ok,True,0,0.9955242617139045
205,sham,adaptation,1,1,10,10,10,ok,True,0.4,0.41093131603180316
205,sham,adaptation,2,11,20,10,10,ok,True,1,0.04201027287776102
205,sham,adaptation,3,21,30,10,10,ok,True,1,0.0023657461196507556
205,sham,adaptation,4,31,40,10,10,ok,True,1,0.0001365931954716966
205,resumed,adaptation,1,1,10,10,10,ok,True,0.4,0.41093131603180316
205,resumed,adaptation,2,11,20,10,10,ok,True,1,0.04201027287776102
205,resumed,adaptation,3,21,30,10,10,ok,True,1,0.0023657461196507556
205,resumed,adaptation,4,31,40,10,10,ok,True,1,0.0001365931954716966
205,untrained_frozen,acquisition,1,1,10,10,10,ok,True,0.4,0.25
205,untrained_frozen,acquisition,2,11,20,10,10,ok,True,0.6,0.25
205,untrained_frozen,acquisition,3,21,30,10,10,ok,True,0.3,0.25
205,untrained_frozen,acquisition,4,31,40,10,10,ok,True,0.8,0.25
205,untrained_frozen,adaptation,1,1,10,10,10,ok,True,0.6,0.25
205,untrained_frozen,adaptation,2,11,20,10,10,ok,True,0.4,0.25
205,untrained_frozen,adaptation,3,21,30,10,10,ok,True,0.8,0.25
205,untrained_frozen,adaptation,4,31,40,10,10,ok,True,0.5,0.25
206,training,acquisition,1,1,10,10,10,ok,True,0.8,0.10675489902496338
206,training,acquisition,2,11,20,10,10,ok,True,1,0.00710672858479029
206,training,acquisition,3,21,30,10,10,ok,True,1,0.0004036772942269014
206,training,acquisition,4,31,40,10,10,ok,True,1,1.9260057715243113e-05
206,adaptive,adaptation,1,1,10,10,10,ok,True,0.4,0.42566650004827633
206,adaptive,adaptation,2,11,20,10,10,ok,True,1,0.02833683803844299
206,adaptive,adaptation,3,21,30,10,10,ok,True,1,0.0015957469456978042
206,adaptive,adaptation,4,31,40,10,10,ok,True,1,9.064181945667202e-05
206,frozen,adaptation,1,1,10,10,10,ok,True,0,0.9968313022073564
206,frozen,adaptation,2,11,20,10,10,ok,True,0,0.9968313022073564
206,frozen,adaptation,3,21,30,10,10,ok,True,0,0.9968313022073564
206,frozen,adaptation,4,31,40,10,10,ok,True,0,0.9968313022073564
206,sham,adaptation,1,1,10,10,10,ok,True,0.4,0.42566650004827633
206,sham,adaptation,2,11,20,10,10,ok,True,1,0.02833683803844299
206,sham,adaptation,3,21,30,10,10,ok,True,1,0.0015957469456978042
206,sham,adaptation,4,31,40,10,10,ok,True,1,9.064181945667202e-05
206,resumed,adaptation,1,1,10,10,10,ok,True,0.4,0.42566650004827633
206,resumed,adaptation,2,11,20,10,10,ok,True,1,0.02833683803844299
206,resumed,adaptation,3,21,30,10,10,ok,True,1,0.0015957469456978042
206,resumed,adaptation,4,31,40,10,10,ok,True,1,9.064181945667202e-05
206,untrained_frozen,acquisition,1,1,10,10,10,ok,True,0.4,0.25
206,untrained_frozen,acquisition,2,11,20,10,10,ok,True,0.6,0.25
206,untrained_frozen,acquisition,3,21,30,10,10,ok,True,0.3,0.25
206,untrained_frozen,acquisition,4,31,40,10,10,ok,True,0.6,0.25
206,untrained_frozen,adaptation,1,1,10,10,10,ok,True,0.3,0.25
206,untrained_frozen,adaptation,2,11,20,10,10,ok,True,0.5,0.25
206,untrained_frozen,adaptation,3,21,30,10,10,ok,True,0.5,0.25
206,untrained_frozen,adaptation,4,31,40,10,10,ok,True,0.4,0.25
207,training,acquisition,1,1,10,10,10,ok,True,0.9,0.09563263738527894
207,training,acquisition,2,11,20,10,10,ok,True,1,0.017602656580025754
207,training,acquisition,3,21,30,10,10,ok,True,1,0.001014939629947213
207,training,acquisition,4,31,40,10,10,ok,True,1,3.413582173242837e-05
207,adaptive,adaptation,1,1,10,10,10,ok,True,0.4,0.42562470353180853
207,adaptive,adaptation,2,11,20,10,10,ok,True,1,0.028317836057961093
207,adaptive,adaptation,3,21,30,10,10,ok,True,1,0.0012814796410320337
207,adaptive,adaptation,4,31,40,10,10,ok,True,1,0.0003869887067700307
207,frozen,adaptation,1,1,10,10,10,ok,True,0,0.9968842779551167
207,frozen,adaptation,2,11,20,10,10,ok,True,0,0.9963302324816382
207,frozen,adaptation,3,21,30,10,10,ok,True,0,0.9976230052530879
207,frozen,adaptation,4,31,40,10,10,ok,True,0,0.9966995961306239
207,sham,adaptation,1,1,10,10,10,ok,True,0.4,0.42562470353180853
207,sham,adaptation,2,11,20,10,10,ok,True,1,0.028317836057961093
207,sham,adaptation,3,21,30,10,10,ok,True,1,0.0012814796410320337
207,sham,adaptation,4,31,40,10,10,ok,True,1,0.0003869887067700307
207,resumed,adaptation,1,1,10,10,10,ok,True,0.4,0.42562470353180853
207,resumed,adaptation,2,11,20,10,10,ok,True,1,0.028317836057961093
207,resumed,adaptation,3,21,30,10,10,ok,True,1,0.0012814796410320337
207,resumed,adaptation,4,31,40,10,10,ok,True,1,0.0003869887067700307
207,untrained_frozen,acquisition,1,1,10,10,10,ok,True,0.1,0.25
207,untrained_frozen,acquisition,2,11,20,10,10,ok,True,0.5,0.25
207,untrained_frozen,acquisition,3,21,30,10,10,ok,True,0.6,0.25
207,untrained_frozen,acquisition,4,31,40,10,10,ok,True,0.6,0.25
207,untrained_frozen,adaptation,1,1,10,10,10,ok,True,0.4,0.25
207,untrained_frozen,adaptation,2,11,20,10,10,ok,True,0.6,0.25
207,untrained_frozen,adaptation,3,21,30,10,10,ok,True,0.7,0.25
207,untrained_frozen,adaptation,4,31,40,10,10,ok,True,0.2,0.25
208,training,acquisition,1,1,10,10,10,ok,True,0.8,0.10784988403320313
208,training,acquisition,2,11,20,10,10,ok,True,1,0.006011743576550543
208,training,acquisition,3,21,30,10,10,ok,True,1,0.00038860598549823985
208,training,acquisition,4,31,40,10,10,ok,True,1,2.9683020760863034e-05
208,adaptive,adaptation,1,1,10,10,10,ok,True,0.4,0.4290267044691662
208,adaptive,adaptation,2,11,20,10,10,ok,True,1,0.023910746942789076
208,adaptive,adaptation,3,21,30,10,10,ok,True,1,0.0015957528897691318
208,adaptive,adaptation,4,31,40,10,10,ok,True,1,8.988757949099702e-05
208,frozen,adaptation,1,1,10,10,10,ok,True,0,0.994499688884886
208,frozen,adaptation,2,11,20,10,10,ok,True,0,0.9936002545776712
208,frozen,adaptation,3,21,30,10,10,ok,True,0,0.994499688884886
208,frozen,adaptation,4,31,40,10,10,ok,True,0,0.996298557499316
208,sham,adaptation,1,1,10,10,10,ok,True,0.4,0.4290267044691662
208,sham,adaptation,2,11,20,10,10,ok,True,1,0.023910746942789076
208,sham,adaptation,3,21,30,10,10,ok,True,1,0.0015957528897691318
208,sham,adaptation,4,31,40,10,10,ok,True,1,8.988757949099702e-05
208,resumed,adaptation,1,1,10,10,10,ok,True,0.4,0.4290267044691662
208,resumed,adaptation,2,11,20,10,10,ok,True,1,0.023910746942789076
208,resumed,adaptation,3,21,30,10,10,ok,True,1,0.0015957528897691318
208,resumed,adaptation,4,31,40,10,10,ok,True,1,8.988757949099702e-05
208,untrained_frozen,acquisition,1,1,10,10,10,ok,True,0.6,0.25
208,untrained_frozen,acquisition,2,11,20,10,10,ok,True,0.5,0.25
208,untrained_frozen,acquisition,3,21,30,10,10,ok,True,0.7,0.25
208,untrained_frozen,acquisition,4,31,40,10,10,ok,True,0.4,0.25
208,untrained_frozen,adaptation,1,1,10,10,10,ok,True,0.4,0.25
208,untrained_frozen,adaptation,2,11,20,10,10,ok,True,0.4,0.25
208,untrained_frozen,adaptation,3,21,30,10,10,ok,True,0.5,0.25
208,untrained_frozen,adaptation,4,31,40,10,10,ok,True,0.5,0.25
209,training,acquisition,1,1,10,10,10,ok,True,0.9,0.09563263738527894
209,training,acquisition,2,11,20,10,10,ok,True,1,0.018023020498425524
209,training,acquisition,3,21,30,10,10,ok,True,1,0.0006061745907450221
209,training,acquisition,4,31,40,10,10,ok,True,1,2.1883768880544245e-05
209,adaptive,adaptation,1,1,10,10,10,ok,True,0.4,0.42546698261398846
209,adaptive,adaptation,2,11,20,10,10,ok,True,1,0.02747460629557576
209,adaptive,adaptation,3,21,30,10,10,ok,True,1,0.002271612251654583
209,adaptive,adaptation,4,31,40,10,10,ok,True,1,0.00022205633794394056
209,frozen,adaptation,1,1,10,10,10,ok,True,0,0.996678287597638
209,frozen,adaptation,2,11,20,10,10,ok,True,0,0.996678287597638
209,frozen,adaptation,3,21,30,10,10,ok,True,0,0.996678287597638
209,frozen,adaptation,4,31,40,10,10,ok,True,0,0.9962936123030601
209,sham,adaptation,1,1,10,10,10,ok,True,0.4,0.42546698261398846
209,sham,adaptation,2,11,20,10,10,ok,True,1,0.02747460629557576
209,sham,adaptation,3,21,30,10,10,ok,True,1,0.002271612251654583
209,sham,adaptation,4,31,40,10,10,ok,True,1,0.00022205633794394056
209,resumed,adaptation,1,1,10,10,10,ok,True,0.4,0.42546698261398846
209,resumed,adaptation,2,11,20,10,10,ok,True,1,0.02747460629557576
209,resumed,adaptation,3,21,30,10,10,ok,True,1,0.002271612251654583
209,resumed,adaptation,4,31,40,10,10,ok,True,1,0.00022205633794394056
209,untrained_frozen,acquisition,1,1,10,10,10,ok,True,0.9,0.25
209,untrained_frozen,acquisition,2,11,20,10,10,ok,True,0.7,0.25
209,untrained_frozen,acquisition,3,21,30,10,10,ok,True,0.5,0.25
209,untrained_frozen,acquisition,4,31,40,10,10,ok,True,0.2,0.25
209,untrained_frozen,adaptation,1,1,10,10,10,ok,True,0.4,0.25
209,untrained_frozen,adaptation,2,11,20,10,10,ok,True,0.6,0.25
209,untrained_frozen,adaptation,3,21,30,10,10,ok,True,0.4,0.25
209,untrained_frozen,adaptation,4,31,40,10,10,ok,True,0.6,0.25
210,training,acquisition,1,1,10,10,10,ok,True,1,0.10675489902496338
210,training,acquisition,2,11,20,10,10,ok,True,1,0.00710672858479029
210,training,acquisition,3,21,30,10,10,ok,True,1,0.00040020486469581775
210,training,acquisition,4,31,40,10,10,ok,True,1,2.1883768880544245e-05
210,adaptive,adaptation,1,1,10,10,10,ok,True,0.4,0.4298006021996243
210,adaptive,adaptation,2,11,20,10,10,ok,True,1,0.021454212904809526
210,adaptive,adaptation,3,21,30,10,10,ok,True,1,0.003957531763294373
210,adaptive,adaptation,4,31,40,10,10,ok,True,1,0.00022818649203053783
210,frozen,adaptation,1,1,10,10,10,ok,True,0,0.9962936123030601
210,frozen,adaptation,2,11,20,10,10,ok,True,0,0.9951395864193266
210,frozen,adaptation,3,21,30,10,10,ok,True,0,0.9962936123030601
210,frozen,adaptation,4,31,40,10,10,ok,True,0,0.996678287597638
210,sham,adaptation,1,1,10,10,10,ok,True,0.4,0.4298006021996243
210,sham,adaptation,2,11,20,10,10,ok,True,1,0.021454212904809526
210,sham,adaptation,3,21,30,10,10,ok,True,1,0.003957531763294373
210,sham,adaptation,4,31,40,10,10,ok,True,1,0.00022818649203053783
210,resumed,adaptation,1,1,10,10,10,ok,True,0.4,0.4298006021996243
210,resumed,adaptation,2,11,20,10,10,ok,True,1,0.021454212904809526
210,resumed,adaptation,3,21,30,10,10,ok,True,1,0.003957531763294373
210,resumed,adaptation,4,31,40,10,10,ok,True,1,0.00022818649203053783
210,untrained_frozen,acquisition,1,1,10,10,10,ok,True,0.5,0.25
210,untrained_frozen,acquisition,2,11,20,10,10,ok,True,0.7,0.25
210,untrained_frozen,acquisition,3,21,30,10,10,ok,True,0.5,0.25
210,untrained_frozen,acquisition,4,31,40,10,10,ok,True,0.7,0.25
210,untrained_frozen,adaptation,1,1,10,10,10,ok,True,0.2,0.25
210,untrained_frozen,adaptation,2,11,20,10,10,ok,True,0.5,0.25
210,untrained_frozen,adaptation,3,21,30,10,10,ok,True,0.6,0.25
210,untrained_frozen,adaptation,4,31,40,10,10,ok,True,0.5,0.25
211,training,acquisition,1,1,10,10,10,ok,True,0.9,0.10784988403320313
211,training,acquisition,2,11,20,10,10,ok,True,1,0.006073406030918704
211,training,acquisition,3,21,30,10,10,ok,True,1,0.0003385424103276568
211,training,acquisition,4,31,40,10,10,ok,True,1,1.808414156328511e-05
211,adaptive,adaptation,1,1,10,10,10,ok,True,0.4,0.4247412031177895
211,adaptive,adaptation,2,11,20,10,10,ok,True,1,0.025726390703546573
211,adaptive,adaptation,3,21,30,10,10,ok,True,1,0.0034409372575617105
211,adaptive,adaptation,4,31,40,10,10,ok,True,1,0.0004928214210176935
211,frozen,adaptation,1,1,10,10,10,ok,True,0,0.995399123192101
211,frozen,adaptation,2,11,20,10,10,ok,True,0,0.996298557499316
211,frozen,adaptation,3,21,30,10,10,ok,True,0,0.996298557499316
211,frozen,adaptation,4,31,40,10,10,ok,True,0,0.9971979918065308
211,sham,adaptation,1,1,10,10,10,ok,True,0.4,0.4247412031177895
211,sham,adaptation,2,11,20,10,10,ok,True,1,0.025726390703546573
211,sham,adaptation,3,21,30,10,10,ok,True,1,0.0034409372575617105
211,sham,adaptation,4,31,40,10,10,ok,True,1,0.0004928214210176935
211,resumed,adaptation,1,1,10,10,10,ok,True,0.4,0.4247412031177895
211,resumed,adaptation,2,11,20,10,10,ok,True,1,0.025726390703546573
211,resumed,adaptation,3,21,30,10,10,ok,True,1,0.0034409372575617105
211,resumed,adaptation,4,31,40,10,10,ok,True,1,0.0004928214210176935
211,untrained_frozen,acquisition,1,1,10,10,10,ok,True,0.4,0.25
211,untrained_frozen,acquisition,2,11,20,10,10,ok,True,0.5,0.25
211,untrained_frozen,acquisition,3,21,30,10,10,ok,True,0.7,0.25
211,untrained_frozen,acquisition,4,31,40,10,10,ok,True,0.3,0.25
211,untrained_frozen,adaptation,1,1,10,10,10,ok,True,0.4,0.25
211,untrained_frozen,adaptation,2,11,20,10,10,ok,True,0.6,0.25
211,untrained_frozen,adaptation,3,21,30,10,10,ok,True,0.8,0.25
211,untrained_frozen,adaptation,4,31,40,10,10,ok,True,0.6,0.25
212,training,acquisition,1,1,10,10,10,ok,True,0.9,0.10309734493494034
212,training,acquisition,2,11,20,10,10,ok,True,1,0.009360150419602992
212,training,acquisition,3,21,30,10,10,ok,True,1,0.0008099481957627613
212,training,acquisition,4,31,40,10,10,ok,True,1,0.000837056802236942
212,adaptive,adaptation,1,1,10,10,10,ok,True,0.4,0.40191746884639734
212,adaptive,adaptation,2,11,20,10,10,ok,True,1,0.03851858246665133
212,adaptive,adaptation,3,21,30,10,10,ok,True,1,0.003586364796610206
212,adaptive,adaptation,4,31,40,10,10,ok,True,1,0.00038158700858142785
212,frozen,adaptation,1,1,10,10,10,ok,True,0,0.9832187846004828
212,frozen,adaptation,2,11,20,10,10,ok,True,0,0.9776845708397368
212,frozen,adaptation,3,21,30,10,10,ok,True,0,0.9776845708397368
212,frozen,adaptation,4,31,40,10,10,ok,True,0,0.9610819295574988
212,sham,adaptation,1,1,10,10,10,ok,True,0.4,0.40191746884639734
212,sham,adaptation,2,11,20,10,10,ok,True,1,0.03851858246665133
212,sham,adaptation,3,21,30,10,10,ok,True,1,0.003586364796610206
212,sham,adaptation,4,31,40,10,10,ok,True,1,0.00038158700858142785
212,resumed,adaptation,1,1,10,10,10,ok,True,0.4,0.40191746884639734
212,resumed,adaptation,2,11,20,10,10,ok,True,1,0.03851858246665133
212,resumed,adaptation,3,21,30,10,10,ok,True,1,0.003586364796610206
212,resumed,adaptation,4,31,40,10,10,ok,True,1,0.00038158700858142785
212,untrained_frozen,acquisition,1,1,10,10,10,ok,True,0.4,0.25
212,untrained_frozen,acquisition,2,11,20,10,10,ok,True,0.3,0.25
212,untrained_frozen,acquisition,3,21,30,10,10,ok,True,0.2,0.25
212,untrained_frozen,acquisition,4,31,40,10,10,ok,True,0.6,0.25
212,untrained_frozen,adaptation,1,1,10,10,10,ok,True,0.7,0.25
212,untrained_frozen,adaptation,2,11,20,10,10,ok,True,0.6,0.25
212,untrained_frozen,adaptation,3,21,30,10,10,ok,True,0.3,0.25
212,untrained_frozen,adaptation,4,31,40,10,10,ok,True,0.3,0.25
213,training,acquisition,1,1,10,10,10,ok,True,0.9,0.10309734493494034
213,training,acquisition,2,11,20,10,10,ok,True,1,0.01076428267481333
213,training,acquisition,3,21,30,10,10,ok,True,1,0.00038860598549823985
213,training,acquisition,4,31,40,10,10,ok,True,1,3.348264807812217e-05
213,adaptive,adaptation,1,1,10,10,10,ok,True,0.4,0.4298006021996243
213,adaptive,adaptation,2,11,20,10,10,ok,True,1,0.01834834864271888
213,adaptive,adaptation,3,21,30,10,10,ok,True,1,0.0068884938925761535
213,adaptive,adaptation,4,31,40,10,10,ok,True,1,0.0003385540402290969
213,frozen,adaptation,1,1,10,10,10,ok,True,0,0.9962936123030601
213,frozen,adaptation,2,11,20,10,10,ok,True,0,0.9947549111247489
213,frozen,adaptation,3,21,30,10,10,ok,True,0,0.9962936123030601
213,frozen,adaptation,4,31,40,10,10,ok,True,0,0.9955242617139045
213,sham,adaptation,1,1,10,10,10,ok,True,0.4,0.4298006021996243
213,sham,adaptation,2,11,20,10,10,ok,True,1,0.01834834864271888
213,sham,adaptation,3,21,30,10,10,ok,True,1,0.0068884938925761535
213,sham,adaptation,4,31,40,10,10,ok,True,1,0.0003385540402290969
213,resumed,adaptation,1,1,10,10,10,ok,True,0.4,0.4298006021996243
213,resumed,adaptation,2,11,20,10,10,ok,True,1,0.01834834864271888
213,resumed,adaptation,3,21,30,10,10,ok,True,1,0.0068884938925761535
213,resumed,adaptation,4,31,40,10,10,ok,True,1,0.0003385540402290969
213,untrained_frozen,acquisition,1,1,10,10,10,ok,True,0.6,0.25
213,untrained_frozen,acquisition,2,11,20,10,10,ok,True,0.4,0.25
213,untrained_frozen,acquisition,3,21,30,10,10,ok,True,0.5,0.25
213,untrained_frozen,acquisition,4,31,40,10,10,ok,True,0.7,0.25
213,untrained_frozen,adaptation,1,1,10,10,10,ok,True,0.8,0.25
213,untrained_frozen,adaptation,2,11,20,10,10,ok,True,0.5,0.25
213,untrained_frozen,adaptation,3,21,30,10,10,ok,True,0.4,0.25
213,untrained_frozen,adaptation,4,31,40,10,10,ok,True,0.4,0.25
214,training,acquisition,1,1,10,10,10,ok,True,0.9,0.10309734493494034
214,training,acquisition,2,11,20,10,10,ok,True,1,0.010558312948764127
214,training,acquisition,3,21,30,10,10,ok,True,1,0.0006096470202761057
214,training,acquisition,4,31,40,10,10,ok,True,1,1.906451300376683e-05
214,adaptive,adaptation,1,1,10,10,10,ok,True,0.4,0.41106213251613666
214,adaptive,adaptation,2,11,20,10,10,ok,True,1,0.043127056270991906
214,adaptive,adaptation,3,21,30,10,10,ok,True,1,0.001303350741200118
214,adaptive,adaptation,4,31,40,10,10,ok,True,1,0.00013620241901613232
214,frozen,adaptation,1,1,10,10,10,ok,True,0,0.9970689597796095
214,frozen,adaptation,2,11,20,10,10,ok,True,0,0.9963302324816382
214,frozen,adaptation,3,21,30,10,10,ok,True,0,0.9963302324816382
214,frozen,adaptation,4,31,40,10,10,ok,True,0,0.9972536416041022
214,sham,adaptation,1,1,10,10,10,ok,True,0.4,0.41106213251613666
214,sham,adaptation,2,11,20,10,10,ok,True,1,0.043127056270991906
214,sham,adaptation,3,21,30,10,10,ok,True,1,0.001303350741200118
214,sham,adaptation,4,31,40,10,10,ok,True,1,0.00013620241901613232
214,resumed,adaptation,1,1,10,10,10,ok,True,0.4,0.41106213251613666
214,resumed,adaptation,2,11,20,10,10,ok,True,1,0.043127056270991906
214,resumed,adaptation,3,21,30,10,10,ok,True,1,0.001303350741200118
214,resumed,adaptation,4,31,40,10,10,ok,True,1,0.00013620241901613232
214,untrained_frozen,acquisition,1,1,10,10,10,ok,True,0.4,0.25
214,untrained_frozen,acquisition,2,11,20,10,10,ok,True,0.3,0.25
214,untrained_frozen,acquisition,3,21,30,10,10,ok,True,0.2,0.25
214,untrained_frozen,acquisition,4,31,40,10,10,ok,True,0.4,0.25
214,untrained_frozen,adaptation,1,1,10,10,10,ok,True,0.2,0.25
214,untrained_frozen,adaptation,2,11,20,10,10,ok,True,0.3,0.25
214,untrained_frozen,adaptation,3,21,30,10,10,ok,True,0.6,0.25
214,untrained_frozen,adaptation,4,31,40,10,10,ok,True,0.4,0.25
215,training,acquisition,1,1,10,10,10,ok,True,0.9,0.10675489902496338
215,training,acquisition,2,11,20,10,10,ok,True,1,0.006900758858741085
215,training,acquisition,3,21,30,10,10,ok,True,1,0.0005709035418453073
215,training,acquisition,4,31,40,10,10,ok,True,1,5.715481778025911e-05
215,adaptive,adaptation,1,1,10,10,10,ok,True,0.4,0.41093131603180316
215,adaptive,adaptation,2,11,20,10,10,ok,True,1,0.0403386693829016
215,adaptive,adaptation,3,21,30,10,10,ok,True,1,0.0028958675516710226
215,adaptive,adaptation,4,31,40,10,10,ok,True,1,0.0011543334624073878
215,frozen,adaptation,1,1,10,10,10,ok,True,0,0.9970629628922159
215,frozen,adaptation,2,11,20,10,10,ok,True,0,0.996678287597638
215,frozen,adaptation,3,21,30,10,10,ok,True,0,0.9974476381867937
215,frozen,adaptation,4,31,40,10,10,ok,True,0,0.996678287597638
215,sham,adaptation,1,1,10,10,10,ok,True,0.4,0.41093131603180316
215,sham,adaptation,2,11,20,10,10,ok,True,1,0.0403386693829016
215,sham,adaptation,3,21,30,10,10,ok,True,1,0.0028958675516710226
215,sham,adaptation,4,31,40,10,10,ok,True,1,0.0011543334624073878
215,resumed,adaptation,1,1,10,10,10,ok,True,0.4,0.41093131603180316
215,resumed,adaptation,2,11,20,10,10,ok,True,1,0.0403386693829016
215,resumed,adaptation,3,21,30,10,10,ok,True,1,0.0028958675516710226
215,resumed,adaptation,4,31,40,10,10,ok,True,1,0.0011543334624073878
215,untrained_frozen,acquisition,1,1,10,10,10,ok,True,0.2,0.25
215,untrained_frozen,acquisition,2,11,20,10,10,ok,True,0.2,0.25
215,untrained_frozen,acquisition,3,21,30,10,10,ok,True,0.5,0.25
215,untrained_frozen,acquisition,4,31,40,10,10,ok,True,0.5,0.25
215,untrained_frozen,adaptation,1,1,10,10,10,ok,True,0.3,0.25
215,untrained_frozen,adaptation,2,11,20,10,10,ok,True,0.6,0.25
215,untrained_frozen,adaptation,3,21,30,10,10,ok,True,0.5,0.25
215,untrained_frozen,adaptation,4,31,40,10,10,ok,True,0.6,0.25
216,training,acquisition,1,1,10,10,10,ok,True,0.9,0.10675489902496338
216,training,acquisition,2,11,20,10,10,ok,True,1,0.0064803949403413165
216,training,acquisition,3,21,30,10,10,ok,True,1,0.0010265385091447908
216,training,acquisition,4,31,40,10,10,ok,True,1,2.0550705803817824e-05
216,adaptive,adaptation,1,1,10,10,10,ok,True,0.4,0.4251803424256569
216,adaptive,adaptation,2,11,20,10,10,ok,True,1,0.028255757987339026
216,adaptive,adaptation,3,21,30,10,10,ok,True,1,0.0015908752007244573
216,adaptive,adaptation,4,31,40,10,10,ok,True,1,8.989361633979063e-05
216,frozen,adaptation,1,1,10,10,10,ok,True,0,0.9961964271780335
216,frozen,adaptation,2,11,20,10,10,ok,True,0,0.9955798858657201
216,frozen,adaptation,3,21,30,10,10,ok,True,0,0.9943468032410933
216,frozen,adaptation,4,31,40,10,10,ok,True,0,0.9955798858657201
216,sham,adaptation,1,1,10,10,10,ok,True,0.4,0.4251803424256569
216,sham,adaptation,2,11,20,10,10,ok,True,1,0.028255757987339026
216,sham,adaptation,3,21,30,10,10,ok,True,1,0.0015908752007244573
216,sham,adaptation,4,31,40,10,10,ok,True,1,8.989361633979063e-05
216,resumed,adaptation,1,1,10,10,10,ok,True,0.4,0.4251803424256569
216,resumed,adaptation,2,11,20,10,10,ok,True,1,0.028255757987339026
216,resumed,adaptation,3,21,30,10,10,ok,True,1,0.0015908752007244573
216,resumed,adaptation,4,31,40,10,10,ok,True,1,8.989361633979063e-05
216,untrained_frozen,acquisition,1,1,10,10,10,ok,True,0.6,0.25
216,untrained_frozen,acquisition,2,11,20,10,10,ok,True,0.4,0.25
216,untrained_frozen,acquisition,3,21,30,10,10,ok,True,0.6,0.25
216,untrained_frozen,acquisition,4,31,40,10,10,ok,True,0.2,0.25
216,untrained_frozen,adaptation,1,1,10,10,10,ok,True,0.6,0.25
216,untrained_frozen,adaptation,2,11,20,10,10,ok,True,0.3,0.25
216,untrained_frozen,adaptation,3,21,30,10,10,ok,True,0.4,0.25
216,untrained_frozen,adaptation,4,31,40,10,10,ok,True,0.8,0.25
217,training,acquisition,1,1,10,10,10,ok,True,0.9,0.10675489902496338
217,training,acquisition,2,11,20,10,10,ok,True,1,0.0064803949403413165
217,training,acquisition,3,21,30,10,10,ok,True,1,0.000991267460245076
217,training,acquisition,4,31,40,10,10,ok,True,1,5.715481778025911e-05
217,adaptive,adaptation,1,1,10,10,10,ok,True,0.4,0.41093131603180316
217,adaptive,adaptation,2,11,20,10,10,ok,True,1,0.04201027287776102
217,adaptive,adaptation,3,21,30,10,10,ok,True,1,0.0023657461196507556
217,adaptive,adaptation,4,31,40,10,10,ok,True,1,0.00013322347890783095
217,frozen,adaptation,1,1,10,10,10,ok,True,0,0.9970629628922159
217,frozen,adaptation,2,11,20,10,10,ok,True,0,0.9962936123030601
217,frozen,adaptation,3,21,30,10,10,ok,True,0,0.9962936123030601
217,frozen,adaptation,4,31,40,10,10,ok,True,0,0.9962936123030601
217,sham,adaptation,1,1,10,10,10,ok,True,0.4,0.41093131603180316
217,sham,adaptation,2,11,20,10,10,ok,True,1,0.04201027287776102
217,sham,adaptation,3,21,30,10,10,ok,True,1,0.0023657461196507556
217,sham,adaptation,4,31,40,10,10,ok,True,1,0.00013322347890783095
217,resumed,adaptation,1,1,10,10,10,ok,True,0.4,0.41093131603180316
217,resumed,adaptation,2,11,20,10,10,ok,True,1,0.04201027287776102
217,resumed,adaptation,3,21,30,10,10,ok,True,1,0.0023657461196507556
217,resumed,adaptation,4,31,40,10,10,ok,True,1,0.00013322347890783095
217,untrained_frozen,acquisition,1,1,10,10,10,ok,True,0.6,0.25
217,untrained_frozen,acquisition,2,11,20,10,10,ok,True,0.5,0.25
217,untrained_frozen,acquisition,3,21,30,10,10,ok,True,0.8,0.25
217,untrained_frozen,acquisition,4,31,40,10,10,ok,True,0.4,0.25
217,untrained_frozen,adaptation,1,1,10,10,10,ok,True,0.3,0.25
217,untrained_frozen,adaptation,2,11,20,10,10,ok,True,0.4,0.25
217,untrained_frozen,adaptation,3,21,30,10,10,ok,True,0.3,0.25
217,untrained_frozen,adaptation,4,31,40,10,10,ok,True,0.6,0.25
218,training,acquisition,1,1,10,10,10,ok,True,1,0.10675489902496338
218,training,acquisition,2,11,20,10,10,ok,True,1,0.0064803949403413165
218,training,acquisition,3,21,30,10,10,ok,True,1,0.0008686335476041258
218,training,acquisition,4,31,40,10,10,ok,True,1,0.0001636268969571732
218,adaptive,adaptation,1,1,10,10,10,ok,True,0.4,0.4229774209715287
218,adaptive,adaptation,2,11,20,10,10,ok,True,1,0.027467050246779513
218,adaptive,adaptation,3,21,30,10,10,ok,True,1,0.0024206374608981636
218,adaptive,adaptation,4,31,40,10,10,ok,True,1,8.892080105183319e-05
218,frozen,adaptation,1,1,10,10,10,ok,True,0,0.9891311219007293
218,frozen,adaptation,2,11,20,10,10,ok,True,0,0.9891311219007293
218,frozen,adaptation,3,21,30,10,10,ok,True,0,0.9960008219971492
218,frozen,adaptation,4,31,40,10,10,ok,True,0,0.9908485469248343
218,sham,adaptation,1,1,10,10,10,ok,True,0.4,0.4229774209715287
218,sham,adaptation,2,11,20,10,10,ok,True,1,0.027467050246779513
218,sham,adaptation,3,21,30,10,10,ok,True,1,0.0024206374608981636
218,sham,adaptation,4,31,40,10,10,ok,True,1,8.892080105183319e-05
218,resumed,adaptation,1,1,10,10,10,ok,True,0.4,0.4229774209715287
218,resumed,adaptation,2,11,20,10,10,ok,True,1,0.027467050246779513
218,resumed,adaptation,3,21,30,10,10,ok,True,1,0.0024206374608981636
218,resumed,adaptation,4,31,40,10,10,ok,True,1,8.892080105183319e-05
218,untrained_frozen,acquisition,1,1,10,10,10,ok,True,0.6,0.25
218,untrained_frozen,acquisition,2,11,20,10,10,ok,True,0.5,0.25
218,untrained_frozen,acquisition,3,21,30,10,10,ok,True,0.5,0.25
218,untrained_frozen,acquisition,4,31,40,10,10,ok,True,0.6,0.25
218,untrained_frozen,adaptation,1,1,10,10,10,ok,True,0.5,0.25
218,untrained_frozen,adaptation,2,11,20,10,10,ok,True,0.3,0.25
218,untrained_frozen,adaptation,3,21,30,10,10,ok,True,0.4,0.25
218,untrained_frozen,adaptation,4,31,40,10,10,ok,True,0.5,0.25
219,training,acquisition,1,1,10,10,10,ok,True,0.9,0.10675489902496338
219,training,acquisition,2,11,20,10,10,ok,True,1,0.00710672858479029
219,training,acquisition,3,21,30,10,10,ok,True,1,0.0004036772942269014
219,training,acquisition,4,31,40,10,10,ok,True,1,1.8411339349460628e-05
219,adaptive,adaptation,1,1,10,10,10,ok,True,0.4,0.4298006021996243
219,adaptive,adaptation,2,11,20,10,10,ok,True,1,0.021469383215080483
219,adaptive,adaptation,3,21,30,10,10,ok,True,1,0.003943215746514005
219,adaptive,adaptation,4,31,40,10,10,ok,True,1,0.00022205633794394138
219,frozen,adaptation,1,1,10,10,10,ok,True,0,0.9962936123030601
219,frozen,adaptation,2,11,20,10,10,ok,True,0,0.9974476381867937
219,frozen,adaptation,3,21,30,10,10,ok,True,0,0.9962936123030601
219,frozen,adaptation,4,31,40,10,10,ok,True,0,0.9962936123030601
219,sham,adaptation,1,1,10,10,10,ok,True,0.4,0.4298006021996243
219,sham,adaptation,2,11,20,10,10,ok,True,1,0.021469383215080483
219,sham,adaptation,3,21,30,10,10,ok,True,1,0.003943215746514005
219,sham,adaptation,4,31,40,10,10,ok,True,1,0.00022205633794394138
219,resumed,adaptation,1,1,10,10,10,ok,True,0.4,0.4298006021996243
219,resumed,adaptation,2,11,20,10,10,ok,True,1,0.021469383215080483
219,resumed,adaptation,3,21,30,10,10,ok,True,1,0.003943215746514005
219,resumed,adaptation,4,31,40,10,10,ok,True,1,0.00022205633794394138
219,untrained_frozen,acquisition,1,1,10,10,10,ok,True,0.7,0.25
219,untrained_frozen,acquisition,2,11,20,10,10,ok,True,0.4,0.25
219,untrained_frozen,acquisition,3,21,30,10,10,ok,True,0.6,0.25
219,untrained_frozen,acquisition,4,31,40,10,10,ok,True,0.2,0.25
219,untrained_frozen,adaptation,1,1,10,10,10,ok,True,0.2,0.25
219,untrained_frozen,adaptation,2,11,20,10,10,ok,True,0.3,0.25
219,untrained_frozen,adaptation,3,21,30,10,10,ok,True,0.6,0.25
219,untrained_frozen,adaptation,4,31,40,10,10,ok,True,0.4,0.25
