seed,condition,phase,status,error,verify_valid,episodes_planned,episodes_completed,successes,success_rate,brier_mean,last10_episodes,last10_success_rate,last10_brier_mean,recovery_episode,recovery_censored,actions_budget,actions_consumed,model_updates,records_scanned_total,memory_bytes_peak,model_bytes_peak,agent_bytes_peak,run_path
200,training,acquisition,ok,,True,40,40,40,1.0,0.028570595795063325,10,1,3.214958500139575e-05,,,200,200,40,2357,13465,217,13705,runs\training\seed-200
200,adaptive,adaptation,ok,,True,40,40,34,0.85,0.11377857421218679,10,1,0.0001330008791803346,14,False,200,200,40,2560,13469,217,13707,runs\adaptive\seed-200
200,frozen,adaptation,ok,,True,40,40,0,0.0,0.9958881565218768,10,0,0.9955798858657201,,True,200,200,0,2560,13474,217,13714,runs\frozen\seed-200
200,sham,adaptation,ok,,True,40,40,34,0.85,0.11377857421218679,10,1,0.0001330008791803346,14,False,200,200,40,2560,13469,217,13707,runs\sham\seed-200
200,resumed,adaptation,ok,,True,40,40,34,0.85,0.11377857421218679,10,1,0.0001330008791803346,14,False,200,200,40,2560,13469,217,13707,runs\resumed\seed-200
200,untrained_frozen,acquisition,ok,,True,40,40,31,0.775,0.25,10,0.6,0.25,,,200,200,0,2357,13469,51,13543,runs\untrained_frozen\seed-200
200,untrained_frozen,adaptation,ok,,True,40,40,16,0.4,0.25,10,0.2,0.25,,True,200,200,0,2560,13472,51,13546,runs\untrained_frozen\seed-200
201,training,acquisition,ok,,True,40,40,40,1.0,0.028571092354246083,10,1,5.780799143456531e-05,,,200,200,40,2357,13467,218,13708,runs\training\seed-201
201,adaptive,adaptation,ok,,True,40,40,34,0.85,0.11390737974128626,10,1,9.067565018849259e-05,14,False,200,200,40,2560,13471,218,13709,runs\adaptive\seed-201
201,frozen,adaptation,ok,,True,40,40,0,0.0,0.9966995961306239,10,0,0.9968842779551167,,True,200,200,0,2560,13474,218,13715,runs\frozen\seed-201
201,sham,adaptation,ok,,True,40,40,34,0.85,0.11390737974128626,10,1,9.067565018849259e-05,14,False,200,200,40,2560,13471,218,13709,runs\sham\seed-201
201,resumed,adaptation,ok,,True,40,40,34,0.85,0.11390737974128626,10,1,9.067565018849259e-05,14,False,200,200,40,2560,13471,218,13709,runs\resumed\seed-201
201,untrained_frozen,acquisition,ok,,True,40,40,19,0.475,0.25,10,0.6,0.25,,,200,200,0,2357,13469,51,13543,runs\untrained_frozen\seed-201
201,untrained_frozen,adaptation,ok,,True,40,40,24,0.6,0.25,10,0.7,0.25,,True,200,200,0,2560,13469,51,13543,runs\untrained_frozen\seed-201
202,training,acquisition,ok,,True,40,40,39,0.975,0.028571141240423953,10,1,2.2732487246326733e-05,,,200,200,40,2357,13466,217,13706,runs\training\seed-202
202,adaptive,adaptation,ok,,True,40,40,34,0.85,0.11392223678787908,10,1,7.601641329397597e-05,14,False,200,200,40,2560,13470,218,13709,runs\adaptive\seed-202
202,frozen,adaptation,ok,,True,40,40,0,0.0,0.9968313022073564,10,0,0.9968313022073564,,True,200,200,0,2560,13474,217,13714,runs\frozen\seed-202
202,sham,adaptation,ok,,True,40,40,34,0.85,0.11392223678787908,10,1,7.601641329397597e-05,14,False,200,200,40,2560,13470,218,13709,runs\sham\seed-202
202,resumed,adaptation,ok,,True,40,40,34,0.85,0.11392223678787908,10,1,7.601641329397597e-05,14,False,200,200,40,2560,13470,218,13709,runs\resumed\seed-202
202,untrained_frozen,acquisition,ok,,True,40,40,21,0.525,0.25,10,0.4,0.25,,,200,200,0,2357,13470,51,13544,runs\untrained_frozen\seed-202
202,untrained_frozen,adaptation,ok,,True,40,40,21,0.525,0.25,10,0.3,0.25,20,False,200,200,0,2560,13473,51,13547,runs\untrained_frozen\seed-202
203,training,acquisition,ok,,True,40,40,39,0.975,0.028545944808403396,10,1,7.985172070476485e-05,,,200,200,40,2357,13464,217,13704,runs\training\seed-203
203,adaptive,adaptation,ok,,True,40,40,34,0.85,0.11187434485086722,10,1,0.00035553177776555077,14,False,200,200,40,2560,13471,218,13709,runs\adaptive\seed-203
203,frozen,adaptation,ok,,True,40,40,0,0.0,0.9841802463178455,10,0,0.9831414690910041,,True,200,200,0,2560,13472,215,13710,runs\frozen\seed-203
203,sham,adaptation,ok,,True,40,40,34,0.85,0.11187434485086722,10,1,0.00035553177776555077,14,False,200,200,40,2560,13471,218,13709,runs\sham\seed-203
203,resumed,adaptation,ok,,True,40,40,34,0.85,0.11187434485086722,10,1,0.00035553177776555077,14,False,200,200,40,2560,13471,218,13709,runs\resumed\seed-203
203,untrained_frozen,acquisition,ok,,True,40,40,18,0.45,0.25,10,0.4,0.25,,,200,200,0,2357,13472,51,13546,runs\untrained_frozen\seed-203
203,untrained_frozen,adaptation,ok,,True,40,40,21,0.525,0.25,10,0.5,0.25,32,False,200,200,0,2560,13470,51,13544,runs\untrained_frozen\seed-203
204,training,acquisition,ok,,True,40,40,38,0.95,0.028570595795063325,10,1,9.962232821165024e-05,,,200,200,40,2357,13466,218,13706,runs\training\seed-204
204,adaptive,adaptation,ok,,True,40,40,34,0.85,0.1137747688235025,10,1,0.00021309195923939099,14,False,200,200,40,2560,13470,218,13709,runs\adaptive\seed-204
204,frozen,adaptation,ok,,True,40,40,0,0.0,0.9949633445534066,10,0,0.9949633445534066,,True,200,200,0,2560,13473,217,13713,runs\frozen\seed-204
204,sham,adaptation,ok,,True,40,40,34,0.85,0.1137747688235025,10,1,0.00021309195923939099,14,False,200,200,40,2560,13470,218,13709,runs\sham\seed-204
204,resumed,adaptation,ok,,True,40,40,34,0.85,0.1137747688235025,10,1,0.00021309195923939099,14,False,200,200,40,2560,13470,218,13709,runs\resumed\seed-204
204,untrained_frozen,acquisition,ok,,True,40,40,20,0.5,0.25,10,0.6,0.25,,,200,200,0,2357,13469,51,13543,runs\untrained_frozen\seed-204
204,untrained_frozen,adaptation,ok,,True,40,40,18,0.45,0.25,10,0.7,0.25,,True,200,200,0,2560,13469,51,13543,runs\untrained_frozen\seed-204
205,training,acquisition,ok,,True,40,40,39,0.975,0.028570929060832508,10,1,2.1883768880544245e-05,,,200,200,40,2357,13465,217,13705,runs\training\seed-205
205,adaptive,adaptation,ok,,True,40,40,34,0.85,0.11386098205617166,10,1,0.0001365931954716966,14,False,200,200,40,2560,13471,218,13710,runs\adaptive\seed-205
205,frozen,adaptation,ok,,True,40,40,0,0.0,0.9962936123030601,10,0,0.9955242617139045,,True,200,200,0,2560,13474,217,13714,runs\frozen\seed-205
205,sham,adaptation,ok,,True,40,40,34,0.85,0.11386098205617166,10,1,0.0001365931954716966,14,False,200,200,40,2560,13471,218,13710,runs\sham\seed-205
205,resumed,adaptation,ok,,True,40,40,34,0.85,0.11386098205617166,10,1,0.0001365931954716966,14,False,200,200,40,2560,13471,218,13710,runs\resumed\seed-205
205,untrained_frozen,acquisition,ok,,True,40,40,21,0.525,0.25,10,0.8,0.25,,,200,200,0,2357,13472,51,13546,runs\untrained_frozen\seed-205
205,untrained_frozen,adaptation,ok,,True,40,40,23,0.575,0.25,10,0.5,0.25,24,False,200,200,0,2560,13470,51,13544,runs\untrained_frozen\seed-205
206,training,acquisition,ok,,True,40,40,38,0.95,0.028571141240423953,10,1,1.9260057715243113e-05,,,200,200,40,2357,13465,218,13706,runs\training\seed-206
206,adaptive,adaptation,ok,,True,40,40,34,0.85,0.11392243171296845,10,1,9.064181945667202e-05,14,False,200,200,40,2560,13470,218,13708,runs\adaptive\seed-206
206,frozen,adaptation,ok,,True,40,40,0,0.0,0.9968313022073564,10,0,0.9968313022073564,,True,200,200,0,2560,13474,217,13714,runs\frozen\seed-206
206,sham,adaptation,ok,,True,40,40,34,0.85,0.11392243171296845,10,1,9.064181945667202e-05,14,False,200,200,40,2560,13470,218,13708,runs\sham\seed-206
206,resumed,adaptation,ok,,True,40,40,34,0.85,0.11392243171296845,10,1,9.064181945667202e-05,14,False,200,200,40,2560,13470,218,13708,runs\resumed\seed-206
206,untrained_frozen,acquisition,ok,,True,40,40,19,0.475,0.25,10,0.6,0.25,,,200,200,0,2357,13470,51,13544,runs\untrained_frozen\seed-206
206,untrained_frozen,adaptation,ok,,True,40,40,17,0.425,0.25,10,0.4,0.25,,True,200,200,0,2560,13473,51,13547,runs\untrained_frozen\seed-206
207,training,acquisition,ok,,True,40,40,39,0.975,0.028571092354246083,10,1,3.413582173242837e-05,,,200,200,40,2357,13465,218,13705,runs\training\seed-207
207,adaptive,adaptation,ok,,True,40,40,34,0.85,0.11390275198439292,10,1,0.0003869887067700307,14,False,200,200,40,2560,13469,218,13707,runs\adaptive\seed-207
207,frozen,adaptation,ok,,True,40,40,0,0.0,0.9968842779551167,10,0,0.9966995961306239,,True,200,200,0,2560,13476,218,13717,runs\frozen\seed-207
207,sham,adaptation,ok,,True,40,40,34,0.85,0.11390275198439292,10,1,0.0003869887067700307,14,False,200,200,40,2560,13469,218,13707,runs\sham\seed-207
207,resumed,adaptation,ok,,True,40,40,34,0.85,0.11390275198439292,10,1,0.0003869887067700307,14,False,200,200,40,2560,13469,218,13707,runs\resumed\seed-207
207,untrained_frozen,acquisition,ok,,True,40,40,18,0.45,0.25,10,0.6,0.25,,,200,200,0,2357,13470,51,13544,runs\untrained_frozen\seed-207
207,untrained_frozen,adaptation,ok,,True,40,40,19,0.475,0.25,10,0.2,0.25,31,False,200,200,0,2560,13471,51,13545,runs\untrained_frozen\seed-207
208,training,acquisition,ok,,True,40,40,38,0.95,0.028569979154003194,10,1,2.9683020760863034e-05,,,200,200,40,2357,13466,218,13707,runs\training\seed-208
208,adaptive,adaptation,ok,,True,40,40,34,0.85,0.11365577297030385,10,1,8.988757949099702e-05,14,False,200,200,40,2560,13471,218,13710,runs\adaptive\seed-208
208,frozen,adaptation,ok,,True,40,40,0,0.0,0.9947245474616898,10,0,0.996298557499316,,True,200,200,0,2560,13474,218,13715,runs\frozen\seed-208
208,sham,adaptation,ok,,True,40,40,34,0.85,0.11365577297030385,10,1,8.988757949099702e-05,14,False,200,200,40,2560,13471,218,13710,runs\sham\seed-208
208,resumed,adaptation,ok,,True,40,40,34,0.85,0.11365577297030385,10,1,8.988757949099702e-05,14,False,200,200,40,2560,13471,218,13710,runs\resumed\seed-208
208,untrained_frozen,acquisition,ok,,True,40,40,22,0.55,0.25,10,0.4,0.25,,,200,200,0,2357,13469,51,13543,runs\untrained_frozen\seed-208
208,untrained_frozen,adaptation,ok,,True,40,40,18,0.45,0.25,10,0.5,0.25,,True,200,200,0,2560,13472,51,13546,runs\untrained_frozen\seed-208
209,training,acquisition,ok,,True,40,40,39,0.975,0.028570929060832508,10,1,2.1883768880544245e-05,,,200,200,40,2357,13466,218,13707,runs\training\seed-209
209,adaptive,adaptation,ok,,True,40,40,34,0.85,0.11385881437479069,10,1,0.00022205633794394056,14,False,200,200,40,2560,13471,218,13710,runs\adaptive\seed-209
209,frozen,adaptation,ok,,True,40,40,0,0.0,0.9965821187739936,10,0,0.9962936123030601,,True,200,200,0,2560,13475,218,13716,runs\frozen\seed-209
209,sham,adaptation,ok,,True,40,40,34,0.85,0.11385881437479069,10,1,0.00022205633794394056,14,False,200,200,40,2560,13471,218,13710,runs\sham\seed-209
209,resumed,adaptation,ok,,True,40,40,34,0.85,0.11385881437479069,10,1,0.00022205633794394056,14,False,200,200,40,2560,13471,218,13710,runs\resumed\seed-209
209,untrained_frozen,acquisition,ok,,True,40,40,23,0.575,0.25,10,0.2,0.25,,,200,200,0,2357,13471,51,13545,runs\untrained_frozen\seed-209
209,untrained_frozen,adaptation,ok,,True,40,40,20,0.5,0.25,10,0.6,0.25,,True,200,200,0,2560,13471,51,13545,runs\untrained_frozen\seed-209
210,training,acquisition,ok,,True,40,40,40,1.0,0.028570929060832508,10,1,2.1883768880544245e-05,,,200,200,40,2357,13467,218,13707,runs\training\seed-210
210,adaptive,adaptation,ok,,True,40,40,34,0.85,0.11386013333993969,10,1,0.00022818649203053783,14,False,200,200,40,2560,13470,218,13709,runs\adaptive\seed-210
210,frozen,adaptation,ok,,True,40,40,0,0.0,0.9961012746557713,10,0,0.996678287597638,,True,200,200,0,2560,13474,218,13715,runs\frozen\seed-210
210,sham,adaptation,ok,,True,40,40,34,0.85,0.11386013333993969,10,1,0.00022818649203053783,14,False,200,200,40,2560,13470,218,13709,runs\sham\seed-210
210,resumed,adaptation,ok,,True,40,40,34,0.85,0.11386013333993969,10,1,0.00022818649203053783,14,False,200,200,40,2560,13470,218,13709,runs\resumed\seed-210
210,untrained_frozen,acquisition,ok,,True,40,40,24,0.6,0.25,10,0.7,0.25,,,200,200,0,2357,13468,51,13542,runs\untrained_frozen\seed-210
210,untrained_frozen,adaptation,ok,,True,40,40,18,0.45,0.25,10,0.5,0.25,36,False,200,200,0,2560,13471,51,13545,runs\untrained_frozen\seed-210
211,training,acquisition,ok,,True,40,40,39,0.975,0.028569979154003194,10,1,1.808414156328511e-05,,,200,200,40,2357,13467,218,13708,runs\training\seed-211
211,adaptive,adaptation,ok,,True,40,40,34,0.85,0.11360033812497887,10,1,0.0004928214210176935,14,False,200,200,40,2560,13471,218,13710,runs\adaptive\seed-211
211,frozen,adaptation,ok,,True,40,40,0,0.0,0.996298557499316,10,0,0.9971979918065308,,True,200,200,0,2560,13475,218,13716,runs\frozen\seed-211
211,sham,adaptation,ok,,True,40,40,34,0.85,0.11360033812497887,10,1,0.0004928214210176935,14,False,200,200,40,2560,13471,218,13710,runs\sham\seed-211
211,resumed,adaptation,ok,,True,40,40,34,0.85,0.11360033812497887,10,1,0.0004928214210176935,14,False,200,200,40,2560,13471,218,13710,runs\resumed\seed-211
211,untrained_frozen,acquisition,ok,,True,40,40,19,0.475,0.25,10,0.3,0.25,,,200,200,0,2357,13469,51,13543,runs\untrained_frozen\seed-211
211,untrained_frozen,adaptation,ok,,True,40,40,24,0.6,0.25,10,0.6,0.25,29,False,200,200,0,2560,13470,51,13544,runs\untrained_frozen\seed-211
212,training,acquisition,ok,,True,40,40,39,0.975,0.02852612508813576,10,1,0.000837056802236942,,,200,200,40,2357,13464,217,13704,runs\training\seed-212
212,adaptive,adaptation,ok,,True,40,40,34,0.85,0.11110100077956007,10,1,0.00038158700858142785,16,False,200,200,40,2560,13471,218,13710,runs\adaptive\seed-212
212,frozen,adaptation,ok,,True,40,40,0,0.0,0.9749174639593639,10,0,0.9610819295574988,,True,200,200,0,2560,13474,217,13714,runs\frozen\seed-212
212,sham,adaptation,ok,,True,40,40,34,0.85,0.11110100077956007,10,1,0.00038158700858142785,16,False,200,200,40,2560,13471,218,13710,runs\sham\seed-212
212,resumed,adaptation,ok,,True,40,40,34,0.85,0.11110100077956007,10,1,0.00038158700858142785,16,False,200,200,40,2560,13471,218,13710,runs\resumed\seed-212
212,untrained_frozen,acquisition,ok,,True,40,40,15,0.375,0.25,10,0.6,0.25,,,200,200,0,2357,13475,51,13549,runs\untrained_frozen\seed-212
212,untrained_frozen,adaptation,ok,,True,40,40,19,0.475,0.25,10,0.3,0.25,,True,200,200,0,2560,13472,51,13546,runs\untrained_frozen\seed-212
213,training,acquisition,ok,,True,40,40,39,0.975,0.028570929060832508,10,1,3.348264807812217e-05,,,200,200,40,2357,13466,218,13706,runs\training\seed-213
213,adaptive,adaptation,ok,,True,40,40,34,0.85,0.11384399969378711,10,1,0.0003385540402290969,14,False,200,200,40,2560,13471,218,13709,runs\adaptive\seed-213
213,frozen,adaptation,ok,,True,40,40,0,0.0,0.9957165993611934,10,0,0.9955242617139045,,True,200,200,0,2560,13473,218,13714,runs\frozen\seed-213
213,sham,adaptation,ok,,True,40,40,34,0.85,0.11384399969378711,10,1,0.0003385540402290969,14,False,200,200,40,2560,13471,218,13709,runs\sham\seed-213
213,resumed,adaptation,ok,,True,40,40,34,0.85,0.11384399969378711,10,1,0.0003385540402290969,14,False,200,200,40,2560,13471,218,13709,runs\resumed\seed-213
213,untrained_frozen,acquisition,ok,,True,40,40,22,0.55,0.25,10,0.7,0.25,,,200,200,0,2357,13468,51,13542,runs\untrained_frozen\seed-213
213,untrained_frozen,adaptation,ok,,True,40,40,21,0.525,0.25,10,0.4,0.25,10,False,200,200,0,2560,13470,51,13544,runs\untrained_frozen\seed-213
214,training,acquisition,ok,,True,40,40,39,0.975,0.028571092354246083,10,1,1.906451300376683e-05,,,200,200,40,2357,13467,218,13707,runs\training\seed-214
214,adaptive,adaptation,ok,,True,40,40,34,0.85,0.1139071854868362,10,1,0.00013620241901613232,14,False,200,200,40,2560,13471,218,13709,runs\adaptive\seed-214
214,frozen,adaptation,ok,,True,40,40,0,0.0,0.9967457665867471,10,0,0.9972536416041022,,True,200,200,0,2560,13475,218,13716,runs\frozen\seed-214
214,sham,adaptation,ok,,True,40,40,34,0.85,0.1139071854868362,10,1,0.00013620241901613232,14,False,200,200,40,2560,13471,218,13709,runs\sham\seed-214
214,resumed,adaptation,ok,,True,40,40,34,0.85,0.1139071854868362,10,1,0.00013620241901613232,14,False,200,200,40,2560,13471,218,13709,runs\resumed\seed-214
214,untrained_frozen,acquisition,ok,,True,40,40,13,0.325,0.25,10,0.4,0.25,,,200,200,0,2357,13471,51,13545,runs\untrained_frozen\seed-214
214,untrained_frozen,adaptation,ok,,True,40,40,15,0.375,0.25,10,0.4,0.25,,True,200,200,0,2560,13472,51,13546,runs\untrained_frozen\seed-214
215,training,acquisition,ok,,True,40,40,39,0.975,0.028570929060832508,10,1,5.715481778025911e-05,,,200,200,40,2357,13466,218,13707,runs\training\seed-215
215,adaptive,adaptation,ok,,True,40,40,34,0.85,0.1138300466071958,10,1,0.0011543334624073878,14,False,200,200,40,2560,13469,218,13708,runs\adaptive\seed-215
215,frozen,adaptation,ok,,True,40,40,0,0.0,0.9969667940685714,10,0,0.996678287597638,,True,200,200,0,2560,13476,218,13717,runs\frozen\seed-215
215,sham,adaptation,ok,,True,40,40,34,0.85,0.1138300466071958,10,1,0.0011543334624073878,14,False,200,200,40,2560,13469,218,13708,runs\sham\seed-215
215,resumed,adaptation,ok,,True,40,40,34,0.85,0.1138300466071958,10,1,0.0011543334624073878,14,False,200,200,40,2560,13469,218,13708,runs\resumed\seed-215
215,untrained_frozen,acquisition,ok,,True,40,40,14,0.35,0.25,10,0.5,0.25,,,200,200,0,2357,13470,51,13544,runs\untrained_frozen\seed-215
215,untrained_frozen,adaptation,ok,,True,40,40,20,0.5,0.25,10,0.6,0.25,,True,200,200,0,2560,13471,51,13545,runs\untrained_frozen\seed-215
216,training,acquisition,ok,,True,40,40,39,0.975,0.028570595795063325,10,1,2.0550705803817824e-05,,,200,200,40,2357,13466,218,13707,runs\training\seed-216
216,adaptive,adaptation,ok,,True,40,40,34,0.85,0.11377921730751503,10,1,8.989361633979063e-05,14,False,200,200,40,2560,13470,218,13709,runs\adaptive\seed-216
216,frozen,adaptation,ok,,True,40,40,0,0.0,0.9954257505376417,10,0,0.9955798858657201,,True,200,200,0,2560,13473,217,13713,runs\frozen\seed-216
216,sham,adaptation,ok,,True,40,40,34,0.85,0.11377921730751503,10,1,8.989361633979063e-05,14,False,200,200,40,2560,13470,218,13709,runs\sham\seed-216
216,resumed,adaptation,ok,,True,40,40,34,0.85,0.11377921730751503,10,1,8.989361633979063e-05,14,False,200,200,40,2560,13470,218,13709,runs\resumed\seed-216
216,untrained_frozen,acquisition,ok,,True,40,40,18,0.45,0.25,10,0.2,0.25,,,200,200,0,2357,13471,51,13545,runs\untrained_frozen\seed-216
216,untrained_frozen,adaptation,ok,,True,40,40,21,0.525,0.25,10,0.8,0.25,39,False,200,200,0,2560,13472,51,13546,runs\untrained_frozen\seed-216
217,training,acquisition,ok,,True,40,40,39,0.975,0.028570929060832508,10,1,5.715481778025911e-05,,,200,200,40,2357,13466,217,13706,runs\training\seed-217
217,adaptive,adaptation,ok,,True,40,40,34,0.85,0.11386013962703069,10,1,0.00013322347890783095,15,False,200,200,40,2560,13471,218,13709,runs\adaptive\seed-217
217,frozen,adaptation,ok,,True,40,40,0,0.0,0.9964859499503491,10,0,0.9962936123030601,,True,200,200,0,2560,13475,217,13715,runs\frozen\seed-217
217,sham,adaptation,ok,,True,40,40,34,0.85,0.11386013962703069,10,1,0.00013322347890783095,15,False,200,200,40,2560,13471,218,13709,runs\sham\seed-217
217,resumed,adaptation,ok,,True,40,40,34,0.85,0.11386013962703069,10,1,0.00013322347890783095,15,False,200,200,40,2560,13471,218,13709,runs\resumed\seed-217
217,untrained_frozen,acquisition,ok,,True,40,40,23,0.575,0.25,10,0.4,0.25,,,200,200,0,2357,13471,51,13545,runs\untrained_frozen\seed-217
217,untrained_frozen,adaptation,ok,,True,40,40,16,0.4,0.25,10,0.6,0.25,,True,200,200,0,2560,13472,51,13546,runs\untrained_frozen\seed-217
218,training,acquisition,ok,,True,40,40,40,1.0,0.0285668886024665,10,1,0.0001636268969571732,,,200,200,40,2357,13465,217,13705,runs\training\seed-218
218,adaptive,adaptation,ok,,True,40,40,34,0.85,0.11323850737006455,10,1,8.892080105183319e-05,14,False,200,200,40,2560,13470,218,13707,runs\adaptive\seed-218
218,frozen,adaptation,ok,,True,40,40,0,0.0,0.9912779031808605,10,0,0.9908485469248343,,True,200,200,0,2560,13474,217,13714,runs\frozen\seed-218
218,sham,adaptation,ok,,True,40,40,34,0.85,0.11323850737006455,10,1,8.892080105183319e-05,14,False,200,200,40,2560,13470,218,13707,runs\sham\seed-218
218,resumed,adaptation,ok,,True,40,40,34,0.85,0.11323850737006455,10,1,8.892080105183319e-05,14,False,200,200,40,2560,13470,218,13707,runs\resumed\seed-218
218,untrained_frozen,acquisition,ok,,True,40,40,22,0.55,0.25,10,0.6,0.25,,,200,200,0,2357,13471,51,13545,runs\untrained_frozen\seed-218
218,untrained_frozen,adaptation,ok,,True,40,40,17,0.425,0.25,10,0.5,0.25,,True,200,200,0,2560,13470,51,13544,runs\untrained_frozen\seed-218
219,training,acquisition,ok,,True,40,40,39,0.975,0.028570929060832508,10,1,1.8411339349460628e-05,,,200,200,40,2357,13465,217,13705,runs\training\seed-219
219,adaptive,adaptation,ok,,True,40,40,34,0.85,0.11385881437479069,10,1,0.00022205633794394138,14,False,200,200,40,2560,13471,218,13709,runs\adaptive\seed-219
219,frozen,adaptation,ok,,True,40,40,0,0.0,0.9965821187739936,10,0,0.9962936123030601,,True,200,200,0,2560,13473,217,13713,runs\frozen\seed-219
219,sham,adaptation,ok,,True,40,40,34,0.85,0.11385881437479069,10,1,0.00022205633794394138,14,False,200,200,40,2560,13471,218,13709,runs\sham\seed-219
219,resumed,adaptation,ok,,True,40,40,34,0.85,0.11385881437479069,10,1,0.00022205633794394138,14,False,200,200,40,2560,13471,218,13709,runs\resumed\seed-219
219,untrained_frozen,acquisition,ok,,True,40,40,19,0.475,0.25,10,0.2,0.25,,,200,200,0,2357,13473,51,13547,runs\untrained_frozen\seed-219
219,untrained_frozen,adaptation,ok,,True,40,40,15,0.375,0.25,10,0.4,0.25,,True,200,200,0,2560,13472,51,13546,runs\untrained_frozen\seed-219
