seed,condition,choices,budget_consumed,priority_l1_change,aversion_l1_change,new_memories,OBSERVED,REPORTED,INFERRED,SIMULATED,selected_understand,selected_create,selected_explore,selected_finish,selected_connect,choices_different_from_updated,first_choice_different_from_updated
400,updated,10,15,0.3402552623848071,0.41444556800000004,21,10,10,0,1,7,0,1,1,1,0,0
400,frozen,10,15,0.0,0.0,21,10,10,0,1,7,0,1,1,1,0,0
400,neutral,10,15,0.3402552623848071,0.41444556800000004,21,10,10,0,1,7,0,1,1,1,0,0
400,no-aversion,10,15,0.3402552623848071,0.41444556800000004,21,10,10,0,1,7,0,1,1,1,0,0
400,no-dream,10,15,0.3402552623848071,0.41444556800000004,20,10,10,0,0,7,0,1,1,1,0,0
400,restarted,10,15,0.3402552623848071,0.41444556800000004,21,10,10,0,1,7,0,1,1,1,0,0
401,updated,10,15,0.4762445012370624,0.14282013081600003,21,10,10,0,1,10,0,0,0,0,0,0
401,frozen,10,15,0.0,0.0,21,10,10,0,1,10,0,0,0,0,0,0
401,neutral,10,15,0.4762445012370624,0.14282013081600003,21,10,10,0,1,10,0,0,0,0,0,0
401,no-aversion,10,15,0.4762445012370624,0.14282013081600003,21,10,10,0,1,10,0,0,0,0,0,0
401,no-dream,10,15,0.4762445012370624,0.14282013081600003,20,10,10,0,0,10,0,0,0,0,0,0
401,restarted,10,15,0.4762445012370624,0.14282013081600003,21,10,10,0,1,10,0,0,0,0,0,0
402,updated,10,15,0.24162032144441248,0.03570503270400005,21,10,10,0,1,0,10,0,0,0,0,0
402,frozen,10,15,0.0,0.0,21,10,10,0,1,0,10,0,0,0,0,0
402,neutral,10,15,0.24162032144441248,0.03570503270400005,21,10,10,0,1,0,10,0,0,0,0,0
402,no-aversion,10,15,0.24162032144441248,0.03570503270400005,21,10,10,0,1,0,10,0,0,0,0,0
402,no-dream,10,15,0.24162032144441248,0.03570503270400005,20,10,10,0,0,0,10,0,0,0,0,0
402,restarted,10,15,0.24162032144441248,0.03570503270400005,21,10,10,0,1,0,10,0,0,0,0,0
403,updated,10,15,0.37263322335392524,0.22915645440000001,21,10,10,0,1,8,1,0,0,1,0,0
403,frozen,10,15,0.0,0.0,21,10,10,0,1,8,1,0,0,1,0,0
403,neutral,10,15,0.3161021915432076,0.22884556800000003,21,10,10,0,1,7,2,0,0,1,1,1
403,no-aversion,10,15,0.37263322335392524,0.22915645440000001,21,10,10,0,1,8,1,0,0,1,0,0
403,no-dream,10,15,0.37263322335392524,0.22915645440000001,20,10,10,0,0,8,1,0,0,1,0,0
403,restarted,10,15,0.37263322335392524,0.22915645440000001,21,10,10,0,1,8,1,0,0,1,0,0
404,updated,10,15,0.41113763998143377,0.17052516352000002,21,10,10,0,1,9,0,0,1,0,0,0
404,frozen,10,15,0.0,0.0,21,10,10,0,1,9,0,0,1,0,0,0
404,neutral,10,15,0.3672290032115726,0.2531564544,21,10,10,0,1,8,0,0,1,1,1,1
404,no-aversion,10,15,0.41113763998143377,0.17052516352000002,21,10,10,0,1,9,0,0,1,0,0,0
404,no-dream,10,15,0.41113763998143377,0.17052516352000002,20,10,10,0,0,9,0,0,1,0,0,0
404,restarted,10,15,0.41113763998143377,0.17052516352000002,21,10,10,0,1,9,0,0,1,0,0,0
405,updated,10,15,0.10723870370232202,0.14282013081600003,21,10,10,0,1,0,0,0,10,0,0,0
405,frozen,10,15,0.0,0.0,21,10,10,0,1,0,0,0,10,0,0,0
405,neutral,10,15,0.10723870370232202,0.14282013081600003,21,10,10,0,1,0,0,0,10,0,0,0
405,no-aversion,10,15,0.10723870370232202,0.14282013081600003,21,10,10,0,1,0,0,0,10,0,0,0
405,no-dream,10,15,0.10723870370232202,0.14282013081600003,20,10,10,0,0,0,0,0,10,0,0,0
405,restarted,10,15,0.10723870370232202,0.14282013081600003,21,10,10,0,1,0,0,0,10,0,0,0
406,updated,10,15,0.21388536569361197,0.5222912,21,10,10,0,1,5,0,1,1,3,0,0
406,frozen,10,15,0.0,0.0,21,10,10,0,1,0,0,1,1,8,5,0
406,neutral,10,15,0.27961206392462745,0.41444556800000004,21,10,10,0,1,7,0,1,1,1,2,1
406,no-aversion,10,15,0.21388536569361197,0.5222912,21,10,10,0,1,5,0,1,1,3,0,0
406,no-dream,10,15,0.21388536569361197,0.5222912,20,10,10,0,0,5,0,1,1,3,0,0
406,restarted,10,15,0.21388536569361197,0.5222912,21,10,10,0,1,5,0,1,1,3,0,0
407,updated,10,15,0.47869268156627165,0.14282013081600003,21,10,10,0,1,10,0,0,0,0,0,0
407,frozen,10,15,0.0,0.0,21,10,10,0,1,10,0,0,0,0,0,0
407,neutral,10,15,0.47869268156627165,0.14282013081600003,21,10,10,0,1,10,0,0,0,0,0,0
407,no-aversion,10,15,0.47869268156627165,0.14282013081600003,21,10,10,0,1,10,0,0,0,0,0,0
407,no-dream,10,15,0.47869268156627165,0.14282013081600003,20,10,10,0,0,10,0,0,0,0,0,0
407,restarted,10,15,0.47869268156627165,0.14282013081600003,21,10,10,0,1,10,0,0,0,0,0,0
408,updated,10,15,0.11232877184496343,0.22652516352000002,21,10,10,0,1,0,0,0,9,1,0,0
408,frozen,10,15,0.0,0.0,21,10,10,0,1,0,0,0,0,10,9,0
408,neutral,10,15,0.11232877184496343,0.22652516352000002,21,10,10,0,1,0,0,0,9,1,0,0
408,no-aversion,10,15,0.11232877184496343,0.22652516352000002,21,10,10,0,1,0,0,0,9,1,0,0
408,no-dream,10,15,0.11232877184496343,0.22652516352000002,20,10,10,0,0,0,0,0,9,1,0,0
408,restarted,10,15,0.11232877184496343,0.22652516352000002,21,10,10,0,1,0,0,0,9,1,0,0
409,updated,10,15,0.40221101581211094,0.30652516352000003,21,10,10,0,1,9,0,1,0,0,0,0
409,frozen,10,15,0.0,0.0,21,10,10,0,1,0,0,10,0,0,9,0
409,neutral,10,15,0.42720743597769306,0.14282013081600003,21,10,10,0,1,10,0,0,0,0,1,1
409,no-aversion,10,15,0.3764080979867598,0.43555645440000007,21,10,10,0,1,8,0,2,0,0,1,0
409,no-dream,10,15,0.40221101581211094,0.30652516352000003,20,10,10,0,0,9,0,1,0,0,0,0
409,restarted,10,15,0.40221101581211094,0.30652516352000003,21,10,10,0,1,9,0,1,0,0,0,0
410,updated,10,15,0.3615429406492766,0.45284556800000003,21,10,10,0,1,7,0,1,0,2,0,0
410,frozen,10,15,0.0,0.0,21,10,10,0,1,0,0,1,0,9,7,0
410,neutral,10,15,0.3937627000922297,0.3891564544,21,10,10,0,1,8,0,1,0,1,1,0
410,no-aversion,10,15,0.3615429406492766,0.45284556800000003,21,10,10,0,1,7,0,1,0,2,0,0
410,no-dream,10,15,0.3615429406492766,0.45284556800000003,20,10,10,0,0,7,0,1,0,2,0,0
410,restarted,10,15,0.3615429406492766,0.45284556800000003,21,10,10,0,1,7,0,1,0,2,0,0
411,updated,10,15,0.15819385285766221,0.3495142400000001,21,10,10,0,1,1,6,1,1,1,0,0
411,frozen,10,15,0.0,0.0,21,10,10,0,1,1,0,1,1,7,6,0
411,neutral,10,15,0.3463925304427308,0.3331564544000001,21,10,10,0,1,8,0,1,1,0,7,0
411,no-aversion,10,15,0.15819385285766221,0.3495142400000001,21,10,10,0,1,1,6,1,1,1,0,0
411,no-dream,10,15,0.15819385285766221,0.3495142400000001,20,10,10,0,0,1,6,1,1,1,0,0
411,restarted,10,15,0.15819385285766221,0.3495142400000001,21,10,10,0,1,1,6,1,1,1,0,0
412,updated,10,15,0.37353237196739414,0.3331564544000001,21,10,10,0,1,8,0,1,1,0,0,0
412,frozen,10,15,0.0,0.0,21,10,10,0,1,8,0,1,1,0,0,0
412,neutral,10,15,0.37353237196739414,0.3331564544000001,21,10,10,0,1,8,0,1,1,0,0,0
412,no-aversion,10,15,0.37353237196739414,0.3331564544000001,21,10,10,0,1,8,0,1,1,0,0,0
412,no-dream,10,15,0.37353237196739414,0.3331564544000001,20,10,10,0,0,8,0,1,1,0,0,0
412,restarted,10,15,0.37353237196739414,0.3331564544000001,21,10,10,0,1,8,0,1,1,0,0,0
413,updated,10,15,0.14030300116077554,0.30652516352000003,21,10,10,0,1,0,0,1,9,0,0,0
413,frozen,10,15,0.0,0.0,21,10,10,0,1,0,0,10,0,0,9,0
413,neutral,10,15,0.3641210002753615,0.30652516352000003,21,10,10,0,1,9,0,1,0,0,9,0
413,no-aversion,10,15,0.14030300116077554,0.30652516352000003,21,10,10,0,1,0,0,1,9,0,0,0
413,no-dream,10,15,0.14030300116077554,0.30652516352000003,20,10,10,0,0,0,0,1,9,0,0,0
413,restarted,10,15,0.14030300116077554,0.30652516352000003,21,10,10,0,1,0,0,1,9,0,0,0
414,updated,10,15,0.2716687808092576,0.2892891136000001,21,10,10,0,1,0,8,1,0,1,0,0
414,frozen,10,15,0.0,0.0,21,10,10,0,1,0,0,9,0,1,8,0
414,neutral,10,15,0.2604900331948158,0.12263129088000005,21,10,10,0,1,0,9,0,0,1,1,1
414,no-aversion,10,15,0.2919147345397376,0.52743424,21,10,10,0,1,0,6,3,0,1,2,0
414,no-dream,10,15,0.2716687808092576,0.2892891136000001,20,10,10,0,0,0,8,1,0,1,0,0
414,restarted,10,15,0.2716687808092576,0.2892891136000001,21,10,10,0,1,0,8,1,0,1,0,0
415,updated,10,15,0.43105416369258,0.22652516352000002,21,10,10,0,1,9,0,0,0,1,0,0
415,frozen,10,15,0.0,0.0,21,10,10,0,1,9,0,0,0,1,0,0
415,neutral,10,15,0.43105416369258,0.22652516352000002,21,10,10,0,1,9,0,0,0,1,0,0
415,no-aversion,10,15,0.43105416369258,0.22652516352000002,21,10,10,0,1,9,0,0,0,1,0,0
415,no-dream,10,15,0.43105416369258,0.22652516352000002,20,10,10,0,0,9,0,0,0,1,0,0
415,restarted,10,15,0.43105416369258,0.22652516352000002,21,10,10,0,1,9,0,0,0,1,0,0
416,updated,10,15,0.20545528390907258,0.03570503270400005,21,10,10,0,1,0,10,0,0,0,0,0
416,frozen,10,15,0.0,0.0,21,10,10,0,1,0,10,0,0,0,0,0
416,neutral,10,15,0.10517683689553226,0.14652516352000003,21,10,10,0,1,0,1,0,9,0,9,1
416,no-aversion,10,15,0.20545528390907258,0.03570503270400005,21,10,10,0,1,0,10,0,0,0,0,0
416,no-dream,10,15,0.20545528390907258,0.03570503270400005,20,10,10,0,0,0,10,0,0,0,0,0
416,restarted,10,15,0.20545528390907258,0.03570503270400005,21,10,10,0,1,0,10,0,0,0,0,0
417,updated,10,15,0.18933421675774065,0.2026312908800001,21,10,10,0,1,0,9,1,0,0,0,0
417,frozen,10,15,0.0,0.0,21,10,10,0,1,0,9,1,0,0,0,0
417,neutral,10,15,0.42242228301119766,0.30652516352000003,21,10,10,0,1,9,0,1,0,0,9,1
417,no-aversion,10,15,0.18933421675774065,0.2026312908800001,21,10,10,0,1,0,9,1,0,0,0,0
417,no-dream,10,15,0.18933421675774065,0.2026312908800001,20,10,10,0,0,0,9,1,0,0,0,0
417,restarted,10,15,0.18933421675774065,0.2026312908800001,21,10,10,0,1,0,9,1,0,0,0,0
418,updated,10,15,0.1753242614262481,0.06663129088000005,21,10,10,0,1,0,9,0,1,0,0,0
418,frozen,10,15,0.0,0.0,21,10,10,0,1,0,9,0,1,0,0,0
418,neutral,10,15,0.12378850759721265,0.14282013081600003,21,10,10,0,1,0,0,0,10,0,9,1
418,no-aversion,10,15,0.1753242614262481,0.06663129088000005,21,10,10,0,1,0,9,0,1,0,0,0
418,no-dream,10,15,0.1753242614262481,0.06663129088000005,20,10,10,0,0,0,9,0,1,0,0,0
418,restarted,10,15,0.1753242614262481,0.06663129088000005,21,10,10,0,1,0,9,0,1,0,0,0
419,updated,10,15,0.3248037805734598,0.45284556800000003,21,10,10,0,1,7,0,1,0,2,0,0
419,frozen,10,15,0.0,0.0,21,10,10,0,1,0,0,1,0,9,7,0
419,neutral,10,15,0.37380233211782343,0.30652516352000003,21,10,10,0,1,9,0,1,0,0,2,1
419,no-aversion,10,15,0.3008254151972526,0.50077696,21,10,10,0,1,6,0,1,0,3,1,0
419,no-dream,10,15,0.3248037805734598,0.45284556800000003,20,10,10,0,0,7,0,1,0,2,0,0
419,restarted,10,15,0.3248037805734598,0.45284556800000003,21,10,10,0,1,7,0,1,0,2,0,0
