condition,phase,tool,bin_lower,bin_upper,complete_seed_groups,trials_valid,mean_prediction,observed_success_rate,brier_mean
frozen,adaptation,fast,0.0,0.1,0,0,,,
frozen,adaptation,fast,0.1,0.2,0,0,,,
frozen,adaptation,fast,0.2,0.3,0,0,,,
frozen,adaptation,fast,0.3,0.4,0,0,,,
frozen,adaptation,fast,0.4,0.5,0,0,,,
frozen,adaptation,fast,0.5,0.6,0,0,,,
frozen,adaptation,fast,0.6,0.7,0,0,,,
frozen,adaptation,fast,0.7,0.8,2,200,0.7896020979059951,0.16,0.530698911540564
frozen,adaptation,fast,0.8,0.9,6,600,0.8687370540772081,0.21333333333333335,0.5982044952963825
frozen,adaptation,fast,0.9,1.0,12,1200,0.9797082345599262,0.1925,0.7755897563496187
frozen,adaptation,safe,0.0,0.1,0,0,,,
frozen,adaptation,safe,0.1,0.2,0,0,,,
frozen,adaptation,safe,0.2,0.3,0,0,,,
frozen,adaptation,safe,0.3,0.4,0,0,,,
frozen,adaptation,safe,0.4,0.5,5,500,0.41600000000000004,0.828,0.31472
frozen,adaptation,safe,0.5,0.6,3,300,0.5066666666666667,0.8633333333333333,0.2456
frozen,adaptation,safe,0.6,0.7,8,800,0.64452,0.855,0.16952264320000002
frozen,adaptation,safe,0.7,0.8,3,300,0.744,0.89,0.119216
frozen,adaptation,safe,0.8,0.9,1,100,0.83616,0.79,0.1680307456
frozen,adaptation,safe,0.9,1.0,0,0,,,
generic,acquisition,fast,0.0,0.1,0,0,,,
generic,acquisition,fast,0.1,0.2,0,0,,,
generic,acquisition,fast,0.2,0.3,0,0,,,
generic,acquisition,fast,0.3,0.4,0,0,,,
generic,acquisition,fast,0.4,0.5,0,0,,,
generic,acquisition,fast,0.5,0.6,0,0,,,
generic,acquisition,fast,0.6,0.7,0,0,,,
generic,acquisition,fast,0.7,0.8,2,200,0.7896020979059951,0.95,0.0737474832907447
generic,acquisition,fast,0.8,0.9,6,600,0.8687370540772081,0.9433333333333334,0.05858801166890539
generic,acquisition,fast,0.9,1.0,12,1200,0.9797082345599262,0.9516666666666667,0.046789587430426265
generic,acquisition,safe,0.0,0.1,0,0,,,
generic,acquisition,safe,0.1,0.2,0,0,,,
generic,acquisition,safe,0.2,0.3,0,0,,,
generic,acquisition,safe,0.3,0.4,0,0,,,
generic,acquisition,safe,0.4,0.5,5,500,0.41600000000000004,0.848,0.31584
generic,acquisition,safe,0.5,0.6,3,300,0.5066666666666667,0.8533333333333334,0.24573333333333333
generic,acquisition,safe,0.6,0.7,8,800,0.64452,0.8475,0.1731514432
generic,acquisition,safe,0.7,0.8,3,300,0.744,0.86,0.133856
generic,acquisition,safe,0.8,0.9,1,100,0.83616,0.8,0.1613075456
generic,acquisition,safe,0.9,1.0,0,0,,,
generic,adaptation,fast,0.0,0.1,0,0,,,
generic,adaptation,fast,0.1,0.2,6,600,0.15689339947727315,0.185,0.15244431320709723
generic,adaptation,fast,0.2,0.3,4,400,0.2721278341451639,0.2175,0.17216673199682272
generic,adaptation,fast,0.3,0.4,6,600,0.34026085713072396,0.18333333333333332,0.1755616498481311
generic,adaptation,fast,0.4,0.5,4,400,0.44179013373514586,0.2075,0.21900540584748604
generic,adaptation,fast,0.5,0.6,0,0,,,
generic,adaptation,fast,0.6,0.7,0,0,,,
generic,adaptation,fast,0.7,0.8,0,0,,,
generic,adaptation,fast,0.8,0.9,0,0,,,
generic,adaptation,fast,0.9,1.0,0,0,,,
generic,adaptation,safe,0.0,0.1,0,0,,,
generic,adaptation,safe,0.1,0.2,0,0,,,
generic,adaptation,safe,0.2,0.3,0,0,,,
generic,adaptation,safe,0.3,0.4,0,0,,,
generic,adaptation,safe,0.4,0.5,1,100,0.46632427287664024,0.91,0.278748150838442
generic,adaptation,safe,0.5,0.6,0,0,,,
generic,adaptation,safe,0.6,0.7,2,200,0.6533029387081037,0.855,0.1683889308790192
generic,adaptation,safe,0.7,0.8,3,300,0.7855513568642357,0.8333333333333334,0.1406103734507066
generic,adaptation,safe,0.8,0.9,4,400,0.8516724802775466,0.8575,0.12183004369224675
generic,adaptation,safe,0.9,1.0,10,1000,0.9545037025211073,0.848,0.1412832742997801
reader_blocked,adaptation,fast,0.0,0.1,9,900,0.031956982119655884,0.20222222222222222,0.19044924588459244
reader_blocked,adaptation,fast,0.1,0.2,3,300,0.15007459671828818,0.2,0.1633069947284916
reader_blocked,adaptation,fast,0.2,0.3,4,400,0.26057689591532895,0.19,0.15999223218947456
reader_blocked,adaptation,fast,0.3,0.4,4,400,0.34253764889902916,0.1825,0.17546203545691724
reader_blocked,adaptation,fast,0.4,0.5,0,0,,,
reader_blocked,adaptation,fast,0.5,0.6,0,0,,,
reader_blocked,adaptation,fast,0.6,0.7,0,0,,,
reader_blocked,adaptation,fast,0.7,0.8,0,0,,,
reader_blocked,adaptation,fast,0.8,0.9,0,0,,,
reader_blocked,adaptation,fast,0.9,1.0,0,0,,,
reader_blocked,adaptation,safe,0.0,0.1,0,0,,,
reader_blocked,adaptation,safe,0.1,0.2,0,0,,,
reader_blocked,adaptation,safe,0.2,0.3,0,0,,,
reader_blocked,adaptation,safe,0.3,0.4,2,200,0.32,0.845,0.40659999999999996
reader_blocked,adaptation,safe,0.4,0.5,0,0,,,
reader_blocked,adaptation,safe,0.5,0.6,2,200,0.564,0.885,0.20621600000000004
reader_blocked,adaptation,safe,0.6,0.7,6,600,0.6469333333333334,0.855,0.16701728000000002
reader_blocked,adaptation,safe,0.7,0.8,3,300,0.7459626666666667,0.8233333333333334,0.153665788928
reader_blocked,adaptation,safe,0.8,0.9,7,700,0.8445860571428572,0.8528571428571429,0.12514279793225142
reader_blocked,adaptation,safe,0.9,1.0,0,0,,,
resumed,adaptation,fast,0.0,0.1,0,0,,,
resumed,adaptation,fast,0.1,0.2,6,600,0.15689339947727315,0.185,0.15244431320709723
resumed,adaptation,fast,0.2,0.3,4,400,0.2721278341451639,0.2175,0.17216673199682272
resumed,adaptation,fast,0.3,0.4,6,600,0.34026085713072396,0.18333333333333332,0.1755616498481311
resumed,adaptation,fast,0.4,0.5,4,400,0.44179013373514586,0.2075,0.21900540584748604
resumed,adaptation,fast,0.5,0.6,0,0,,,
resumed,adaptation,fast,0.6,0.7,0,0,,,
resumed,adaptation,fast,0.7,0.8,0,0,,,
resumed,adaptation,fast,0.8,0.9,0,0,,,
resumed,adaptation,fast,0.9,1.0,0,0,,,
resumed,adaptation,safe,0.0,0.1,0,0,,,
resumed,adaptation,safe,0.1,0.2,0,0,,,
resumed,adaptation,safe,0.2,0.3,0,0,,,
resumed,adaptation,safe,0.3,0.4,0,0,,,
resumed,adaptation,safe,0.4,0.5,1,100,0.46632427287664024,0.91,0.278748150838442
resumed,adaptation,safe,0.5,0.6,0,0,,,
resumed,adaptation,safe,0.6,0.7,2,200,0.6533029387081037,0.855,0.1683889308790192
resumed,adaptation,safe,0.7,0.8,3,300,0.7855513568642357,0.8333333333333334,0.1406103734507066
resumed,adaptation,safe,0.8,0.9,4,400,0.8516724802775466,0.8575,0.12183004369224675
resumed,adaptation,safe,0.9,1.0,10,1000,0.9545037025211073,0.848,0.1412832742997801
sham,adaptation,fast,0.0,0.1,0,0,,,
sham,adaptation,fast,0.1,0.2,6,600,0.15689339947727315,0.185,0.15244431320709723
sham,adaptation,fast,0.2,0.3,4,400,0.2721278341451639,0.2175,0.17216673199682272
sham,adaptation,fast,0.3,0.4,6,600,0.34026085713072396,0.18333333333333332,0.1755616498481311
sham,adaptation,fast,0.4,0.5,4,400,0.44179013373514586,0.2075,0.21900540584748604
sham,adaptation,fast,0.5,0.6,0,0,,,
sham,adaptation,fast,0.6,0.7,0,0,,,
sham,adaptation,fast,0.7,0.8,0,0,,,
sham,adaptation,fast,0.8,0.9,0,0,,,
sham,adaptation,fast,0.9,1.0,0,0,,,
sham,adaptation,safe,0.0,0.1,0,0,,,
sham,adaptation,safe,0.1,0.2,0,0,,,
sham,adaptation,safe,0.2,0.3,0,0,,,
sham,adaptation,safe,0.3,0.4,0,0,,,
sham,adaptation,safe,0.4,0.5,1,100,0.46632427287664024,0.91,0.278748150838442
sham,adaptation,safe,0.5,0.6,0,0,,,
sham,adaptation,safe,0.6,0.7,2,200,0.6533029387081037,0.855,0.1683889308790192
sham,adaptation,safe,0.7,0.8,3,300,0.7855513568642357,0.8333333333333334,0.1406103734507066
sham,adaptation,safe,0.8,0.9,4,400,0.8516724802775466,0.8575,0.12183004369224675
sham,adaptation,safe,0.9,1.0,10,1000,0.9545037025211073,0.848,0.1412832742997801
training,acquisition,fast,0.0,0.1,0,0,,,
training,acquisition,fast,0.1,0.2,0,0,,,
training,acquisition,fast,0.2,0.3,0,0,,,
training,acquisition,fast,0.3,0.4,0,0,,,
training,acquisition,fast,0.4,0.5,0,0,,,
training,acquisition,fast,0.5,0.6,0,0,,,
training,acquisition,fast,0.6,0.7,0,0,,,
training,acquisition,fast,0.7,0.8,2,200,0.7896020979059951,0.95,0.0737474832907447
training,acquisition,fast,0.8,0.9,6,600,0.8687370540772081,0.9433333333333334,0.05858801166890539
training,acquisition,fast,0.9,1.0,12,1200,0.9797082345599262,0.9516666666666667,0.046789587430426265
training,acquisition,safe,0.0,0.1,0,0,,,
training,acquisition,safe,0.1,0.2,0,0,,,
training,acquisition,safe,0.2,0.3,0,0,,,
training,acquisition,safe,0.3,0.4,0,0,,,
training,acquisition,safe,0.4,0.5,5,500,0.41600000000000004,0.848,0.31584
training,acquisition,safe,0.5,0.6,3,300,0.5066666666666667,0.8533333333333334,0.24573333333333333
training,acquisition,safe,0.6,0.7,8,800,0.64452,0.8475,0.1731514432
training,acquisition,safe,0.7,0.8,3,300,0.744,0.86,0.133856
training,acquisition,safe,0.8,0.9,1,100,0.83616,0.8,0.1613075456
training,acquisition,safe,0.9,1.0,0,0,,,
updated,adaptation,fast,0.0,0.1,0,0,,,
updated,adaptation,fast,0.1,0.2,6,600,0.15689339947727315,0.185,0.15244431320709723
updated,adaptation,fast,0.2,0.3,4,400,0.2721278341451639,0.2175,0.17216673199682272
updated,adaptation,fast,0.3,0.4,6,600,0.34026085713072396,0.18333333333333332,0.1755616498481311
updated,adaptation,fast,0.4,0.5,4,400,0.44179013373514586,0.2075,0.21900540584748604
updated,adaptation,fast,0.5,0.6,0,0,,,
updated,adaptation,fast,0.6,0.7,0,0,,,
updated,adaptation,fast,0.7,0.8,0,0,,,
updated,adaptation,fast,0.8,0.9,0,0,,,
updated,adaptation,fast,0.9,1.0,0,0,,,
updated,adaptation,safe,0.0,0.1,0,0,,,
updated,adaptation,safe,0.1,0.2,0,0,,,
updated,adaptation,safe,0.2,0.3,0,0,,,
updated,adaptation,safe,0.3,0.4,0,0,,,
updated,adaptation,safe,0.4,0.5,1,100,0.46632427287664024,0.91,0.278748150838442
updated,adaptation,safe,0.5,0.6,0,0,,,
updated,adaptation,safe,0.6,0.7,2,200,0.6533029387081037,0.855,0.1683889308790192
updated,adaptation,safe,0.7,0.8,3,300,0.7855513568642357,0.8333333333333334,0.1406103734507066
updated,adaptation,safe,0.8,0.9,4,400,0.8516724802775466,0.8575,0.12183004369224675
updated,adaptation,safe,0.9,1.0,10,1000,0.9545037025211073,0.848,0.1412832742997801
