seed,check,conditions,status,error
300,initial_state_updated,"[""updated""]",ok,
300,first_decision_updated,"[""updated""]",ok,
300,observations_updated,"[""updated""]",ok,
300,initial_state_frozen,"[""frozen""]",ok,
300,first_decision_frozen,"[""frozen""]",ok,
300,observations_frozen,"[""frozen""]",ok,
300,initial_state_reader_blocked,"[""reader_blocked""]",ok,
300,observations_reader_blocked,"[""reader_blocked""]",ok,
300,initial_state_sham,"[""sham""]",ok,
300,first_decision_sham,"[""sham""]",ok,
300,observations_sham,"[""sham""]",ok,
300,initial_state_resumed,"[""resumed""]",ok,
300,first_decision_resumed,"[""resumed""]",ok,
300,observations_resumed,"[""resumed""]",ok,
300,sham_functional_identity,"[""updated"",""sham""]",ok,
300,resumed_exact_traces,"[""updated"",""resumed""]",ok,
300,whole_model_frozen,"[""frozen""]",ok,
300,blocked_view_and_active_writer,"[""reader_blocked""]",ok,
300,generic_functional_identity,"[""generic""]",ok,
300,generic_estimates_acquisition,"[""generic""]",ok,
300,generic_estimates_adaptation,"[""generic""]",ok,
300,probe_state_unchanged_training_acquisition,"[""training""]",ok,
300,probe_state_unchanged_updated_adaptation,"[""updated""]",ok,
300,probe_state_unchanged_frozen_adaptation,"[""frozen""]",ok,
300,probe_state_unchanged_reader_blocked_adaptation,"[""reader_blocked""]",ok,
300,probe_state_unchanged_sham_adaptation,"[""sham""]",ok,
300,probe_state_unchanged_resumed_adaptation,"[""resumed""]",ok,
300,probe_state_unchanged_generic_acquisition,"[""generic""]",ok,
300,probe_state_unchanged_generic_adaptation,"[""generic""]",ok,
301,initial_state_updated,"[""updated""]",ok,
301,first_decision_updated,"[""updated""]",ok,
301,observations_updated,"[""updated""]",ok,
301,initial_state_frozen,"[""frozen""]",ok,
301,first_decision_frozen,"[""frozen""]",ok,
301,observations_frozen,"[""frozen""]",ok,
301,initial_state_reader_blocked,"[""reader_blocked""]",ok,
301,observations_reader_blocked,"[""reader_blocked""]",ok,
301,initial_state_sham,"[""sham""]",ok,
301,first_decision_sham,"[""sham""]",ok,
301,observations_sham,"[""sham""]",ok,
301,initial_state_resumed,"[""resumed""]",ok,
301,first_decision_resumed,"[""resumed""]",ok,
301,observations_resumed,"[""resumed""]",ok,
301,sham_functional_identity,"[""updated"",""sham""]",ok,
301,resumed_exact_traces,"[""updated"",""resumed""]",ok,
301,whole_model_frozen,"[""frozen""]",ok,
301,blocked_view_and_active_writer,"[""reader_blocked""]",ok,
301,generic_functional_identity,"[""generic""]",ok,
301,generic_estimates_acquisition,"[""generic""]",ok,
301,generic_estimates_adaptation,"[""generic""]",ok,
301,probe_state_unchanged_training_acquisition,"[""training""]",ok,
301,probe_state_unchanged_updated_adaptation,"[""updated""]",ok,
301,probe_state_unchanged_frozen_adaptation,"[""frozen""]",ok,
301,probe_state_unchanged_reader_blocked_adaptation,"[""reader_blocked""]",ok,
301,probe_state_unchanged_sham_adaptation,"[""sham""]",ok,
301,probe_state_unchanged_resumed_adaptation,"[""resumed""]",ok,
301,probe_state_unchanged_generic_acquisition,"[""generic""]",ok,
301,probe_state_unchanged_generic_adaptation,"[""generic""]",ok,
302,initial_state_updated,"[""updated""]",ok,
302,first_decision_updated,"[""updated""]",ok,
302,observations_updated,"[""updated""]",ok,
302,initial_state_frozen,"[""frozen""]",ok,
302,first_decision_frozen,"[""frozen""]",ok,
302,observations_frozen,"[""frozen""]",ok,
302,initial_state_reader_blocked,"[""reader_blocked""]",ok,
302,observations_reader_blocked,"[""reader_blocked""]",ok,
302,initial_state_sham,"[""sham""]",ok,
302,first_decision_sham,"[""sham""]",ok,
302,observations_sham,"[""sham""]",ok,
302,initial_state_resumed,"[""resumed""]",ok,
302,first_decision_resumed,"[""resumed""]",ok,
302,observations_resumed,"[""resumed""]",ok,
302,sham_functional_identity,"[""updated"",""sham""]",ok,
302,resumed_exact_traces,"[""updated"",""resumed""]",ok,
302,whole_model_frozen,"[""frozen""]",ok,
302,blocked_view_and_active_writer,"[""reader_blocked""]",ok,
302,generic_functional_identity,"[""generic""]",ok,
302,generic_estimates_acquisition,"[""generic""]",ok,
302,generic_estimates_adaptation,"[""generic""]",ok,
302,probe_state_unchanged_training_acquisition,"[""training""]",ok,
302,probe_state_unchanged_updated_adaptation,"[""updated""]",ok,
302,probe_state_unchanged_frozen_adaptation,"[""frozen""]",ok,
302,probe_state_unchanged_reader_blocked_adaptation,"[""reader_blocked""]",ok,
302,probe_state_unchanged_sham_adaptation,"[""sham""]",ok,
302,probe_state_unchanged_resumed_adaptation,"[""resumed""]",ok,
302,probe_state_unchanged_generic_acquisition,"[""generic""]",ok,
302,probe_state_unchanged_generic_adaptation,"[""generic""]",ok,
303,initial_state_updated,"[""updated""]",ok,
303,first_decision_updated,"[""updated""]",ok,
303,observations_updated,"[""updated""]",ok,
303,initial_state_frozen,"[""frozen""]",ok,
303,first_decision_frozen,"[""frozen""]",ok,
303,observations_frozen,"[""frozen""]",ok,
303,initial_state_reader_blocked,"[""reader_blocked""]",ok,
303,observations_reader_blocked,"[""reader_blocked""]",ok,
303,initial_state_sham,"[""sham""]",ok,
303,first_decision_sham,"[""sham""]",ok,
303,observations_sham,"[""sham""]",ok,
303,initial_state_resumed,"[""resumed""]",ok,
303,first_decision_resumed,"[""resumed""]",ok,
303,observations_resumed,"[""resumed""]",ok,
303,sham_functional_identity,"[""updated"",""sham""]",ok,
303,resumed_exact_traces,"[""updated"",""resumed""]",ok,
303,whole_model_frozen,"[""frozen""]",ok,
303,blocked_view_and_active_writer,"[""reader_blocked""]",ok,
303,generic_functional_identity,"[""generic""]",ok,
303,generic_estimates_acquisition,"[""generic""]",ok,
303,generic_estimates_adaptation,"[""generic""]",ok,
303,probe_state_unchanged_training_acquisition,"[""training""]",ok,
303,probe_state_unchanged_updated_adaptation,"[""updated""]",ok,
303,probe_state_unchanged_frozen_adaptation,"[""frozen""]",ok,
303,probe_state_unchanged_reader_blocked_adaptation,"[""reader_blocked""]",ok,
303,probe_state_unchanged_sham_adaptation,"[""sham""]",ok,
303,probe_state_unchanged_resumed_adaptation,"[""resumed""]",ok,
303,probe_state_unchanged_generic_acquisition,"[""generic""]",ok,
303,probe_state_unchanged_generic_adaptation,"[""generic""]",ok,
304,initial_state_updated,"[""updated""]",ok,
304,first_decision_updated,"[""updated""]",ok,
304,observations_updated,"[""updated""]",ok,
304,initial_state_frozen,"[""frozen""]",ok,
304,first_decision_frozen,"[""frozen""]",ok,
304,observations_frozen,"[""frozen""]",ok,
304,initial_state_reader_blocked,"[""reader_blocked""]",ok,
304,observations_reader_blocked,"[""reader_blocked""]",ok,
304,initial_state_sham,"[""sham""]",ok,
304,first_decision_sham,"[""sham""]",ok,
304,observations_sham,"[""sham""]",ok,
304,initial_state_resumed,"[""resumed""]",ok,
304,first_decision_resumed,"[""resumed""]",ok,
304,observations_resumed,"[""resumed""]",ok,
304,sham_functional_identity,"[""updated"",""sham""]",ok,
304,resumed_exact_traces,"[""updated"",""resumed""]",ok,
304,whole_model_frozen,"[""frozen""]",ok,
304,blocked_view_and_active_writer,"[""reader_blocked""]",ok,
304,generic_functional_identity,"[""generic""]",ok,
304,generic_estimates_acquisition,"[""generic""]",ok,
304,generic_estimates_adaptation,"[""generic""]",ok,
304,probe_state_unchanged_training_acquisition,"[""training""]",ok,
304,probe_state_unchanged_updated_adaptation,"[""updated""]",ok,
304,probe_state_unchanged_frozen_adaptation,"[""frozen""]",ok,
304,probe_state_unchanged_reader_blocked_adaptation,"[""reader_blocked""]",ok,
304,probe_state_unchanged_sham_adaptation,"[""sham""]",ok,
304,probe_state_unchanged_resumed_adaptation,"[""resumed""]",ok,
304,probe_state_unchanged_generic_acquisition,"[""generic""]",ok,
304,probe_state_unchanged_generic_adaptation,"[""generic""]",ok,
305,initial_state_updated,"[""updated""]",ok,
305,first_decision_updated,"[""updated""]",ok,
305,observations_updated,"[""updated""]",ok,
305,initial_state_frozen,"[""frozen""]",ok,
305,first_decision_frozen,"[""frozen""]",ok,
305,observations_frozen,"[""frozen""]",ok,
305,initial_state_reader_blocked,"[""reader_blocked""]",ok,
305,observations_reader_blocked,"[""reader_blocked""]",ok,
305,initial_state_sham,"[""sham""]",ok,
305,first_decision_sham,"[""sham""]",ok,
305,observations_sham,"[""sham""]",ok,
305,initial_state_resumed,"[""resumed""]",ok,
305,first_decision_resumed,"[""resumed""]",ok,
305,observations_resumed,"[""resumed""]",ok,
305,sham_functional_identity,"[""updated"",""sham""]",ok,
305,resumed_exact_traces,"[""updated"",""resumed""]",ok,
305,whole_model_frozen,"[""frozen""]",ok,
305,blocked_view_and_active_writer,"[""reader_blocked""]",ok,
305,generic_functional_identity,"[""generic""]",ok,
305,generic_estimates_acquisition,"[""generic""]",ok,
305,generic_estimates_adaptation,"[""generic""]",ok,
305,probe_state_unchanged_training_acquisition,"[""training""]",ok,
305,probe_state_unchanged_updated_adaptation,"[""updated""]",ok,
305,probe_state_unchanged_frozen_adaptation,"[""frozen""]",ok,
305,probe_state_unchanged_reader_blocked_adaptation,"[""reader_blocked""]",ok,
305,probe_state_unchanged_sham_adaptation,"[""sham""]",ok,
305,probe_state_unchanged_resumed_adaptation,"[""resumed""]",ok,
305,probe_state_unchanged_generic_acquisition,"[""generic""]",ok,
305,probe_state_unchanged_generic_adaptation,"[""generic""]",ok,
306,initial_state_updated,"[""updated""]",ok,
306,first_decision_updated,"[""updated""]",ok,
306,observations_updated,"[""updated""]",ok,
306,initial_state_frozen,"[""frozen""]",ok,
306,first_decision_frozen,"[""frozen""]",ok,
306,observations_frozen,"[""frozen""]",ok,
306,initial_state_reader_blocked,"[""reader_blocked""]",ok,
306,observations_reader_blocked,"[""reader_blocked""]",ok,
306,initial_state_sham,"[""sham""]",ok,
306,first_decision_sham,"[""sham""]",ok,
306,observations_sham,"[""sham""]",ok,
306,initial_state_resumed,"[""resumed""]",ok,
306,first_decision_resumed,"[""resumed""]",ok,
306,observations_resumed,"[""resumed""]",ok,
306,sham_functional_identity,"[""updated"",""sham""]",ok,
306,resumed_exact_traces,"[""updated"",""resumed""]",ok,
306,whole_model_frozen,"[""frozen""]",ok,
306,blocked_view_and_active_writer,"[""reader_blocked""]",ok,
306,generic_functional_identity,"[""generic""]",ok,
306,generic_estimates_acquisition,"[""generic""]",ok,
306,generic_estimates_adaptation,"[""generic""]",ok,
306,probe_state_unchanged_training_acquisition,"[""training""]",ok,
306,probe_state_unchanged_updated_adaptation,"[""updated""]",ok,
306,probe_state_unchanged_frozen_adaptation,"[""frozen""]",ok,
306,probe_state_unchanged_reader_blocked_adaptation,"[""reader_blocked""]",ok,
306,probe_state_unchanged_sham_adaptation,"[""sham""]",ok,
306,probe_state_unchanged_resumed_adaptation,"[""resumed""]",ok,
306,probe_state_unchanged_generic_acquisition,"[""generic""]",ok,
306,probe_state_unchanged_generic_adaptation,"[""generic""]",ok,
307,initial_state_updated,"[""updated""]",ok,
307,first_decision_updated,"[""updated""]",ok,
307,observations_updated,"[""updated""]",ok,
307,initial_state_frozen,"[""frozen""]",ok,
307,first_decision_frozen,"[""frozen""]",ok,
307,observations_frozen,"[""frozen""]",ok,
307,initial_state_reader_blocked,"[""reader_blocked""]",ok,
307,observations_reader_blocked,"[""reader_blocked""]",ok,
307,initial_state_sham,"[""sham""]",ok,
307,first_decision_sham,"[""sham""]",ok,
307,observations_sham,"[""sham""]",ok,
307,initial_state_resumed,"[""resumed""]",ok,
307,first_decision_resumed,"[""resumed""]",ok,
307,observations_resumed,"[""resumed""]",ok,
307,sham_functional_identity,"[""updated"",""sham""]",ok,
307,resumed_exact_traces,"[""updated"",""resumed""]",ok,
307,whole_model_frozen,"[""frozen""]",ok,
307,blocked_view_and_active_writer,"[""reader_blocked""]",ok,
307,generic_functional_identity,"[""generic""]",ok,
307,generic_estimates_acquisition,"[""generic""]",ok,
307,generic_estimates_adaptation,"[""generic""]",ok,
307,probe_state_unchanged_training_acquisition,"[""training""]",ok,
307,probe_state_unchanged_updated_adaptation,"[""updated""]",ok,
307,probe_state_unchanged_frozen_adaptation,"[""frozen""]",ok,
307,probe_state_unchanged_reader_blocked_adaptation,"[""reader_blocked""]",ok,
307,probe_state_unchanged_sham_adaptation,"[""sham""]",ok,
307,probe_state_unchanged_resumed_adaptation,"[""resumed""]",ok,
307,probe_state_unchanged_generic_acquisition,"[""generic""]",ok,
307,probe_state_unchanged_generic_adaptation,"[""generic""]",ok,
308,initial_state_updated,"[""updated""]",ok,
308,first_decision_updated,"[""updated""]",ok,
308,observations_updated,"[""updated""]",ok,
308,initial_state_frozen,"[""frozen""]",ok,
308,first_decision_frozen,"[""frozen""]",ok,
308,observations_frozen,"[""frozen""]",ok,
308,initial_state_reader_blocked,"[""reader_blocked""]",ok,
308,observations_reader_blocked,"[""reader_blocked""]",ok,
308,initial_state_sham,"[""sham""]",ok,
308,first_decision_sham,"[""sham""]",ok,
308,observations_sham,"[""sham""]",ok,
308,initial_state_resumed,"[""resumed""]",ok,
308,first_decision_resumed,"[""resumed""]",ok,
308,observations_resumed,"[""resumed""]",ok,
308,sham_functional_identity,"[""updated"",""sham""]",ok,
308,resumed_exact_traces,"[""updated"",""resumed""]",ok,
308,whole_model_frozen,"[""frozen""]",ok,
308,blocked_view_and_active_writer,"[""reader_blocked""]",ok,
308,generic_functional_identity,"[""generic""]",ok,
308,generic_estimates_acquisition,"[""generic""]",ok,
308,generic_estimates_adaptation,"[""generic""]",ok,
308,probe_state_unchanged_training_acquisition,"[""training""]",ok,
308,probe_state_unchanged_updated_adaptation,"[""updated""]",ok,
308,probe_state_unchanged_frozen_adaptation,"[""frozen""]",ok,
308,probe_state_unchanged_reader_blocked_adaptation,"[""reader_blocked""]",ok,
308,probe_state_unchanged_sham_adaptation,"[""sham""]",ok,
308,probe_state_unchanged_resumed_adaptation,"[""resumed""]",ok,
308,probe_state_unchanged_generic_acquisition,"[""generic""]",ok,
308,probe_state_unchanged_generic_adaptation,"[""generic""]",ok,
309,initial_state_updated,"[""updated""]",ok,
309,first_decision_updated,"[""updated""]",ok,
309,observations_updated,"[""updated""]",ok,
309,initial_state_frozen,"[""frozen""]",ok,
309,first_decision_frozen,"[""frozen""]",ok,
309,observations_frozen,"[""frozen""]",ok,
309,initial_state_reader_blocked,"[""reader_blocked""]",ok,
309,observations_reader_blocked,"[""reader_blocked""]",ok,
309,initial_state_sham,"[""sham""]",ok,
309,first_decision_sham,"[""sham""]",ok,
309,observations_sham,"[""sham""]",ok,
309,initial_state_resumed,"[""resumed""]",ok,
309,first_decision_resumed,"[""resumed""]",ok,
309,observations_resumed,"[""resumed""]",ok,
309,sham_functional_identity,"[""updated"",""sham""]",ok,
309,resumed_exact_traces,"[""updated"",""resumed""]",ok,
309,whole_model_frozen,"[""frozen""]",ok,
309,blocked_view_and_active_writer,"[""reader_blocked""]",ok,
309,generic_functional_identity,"[""generic""]",ok,
309,generic_estimates_acquisition,"[""generic""]",ok,
309,generic_estimates_adaptation,"[""generic""]",ok,
309,probe_state_unchanged_training_acquisition,"[""training""]",ok,
309,probe_state_unchanged_updated_adaptation,"[""updated""]",ok,
309,probe_state_unchanged_frozen_adaptation,"[""frozen""]",ok,
309,probe_state_unchanged_reader_blocked_adaptation,"[""reader_blocked""]",ok,
309,probe_state_unchanged_sham_adaptation,"[""sham""]",ok,
309,probe_state_unchanged_resumed_adaptation,"[""resumed""]",ok,
309,probe_state_unchanged_generic_acquisition,"[""generic""]",ok,
309,probe_state_unchanged_generic_adaptation,"[""generic""]",ok,
310,initial_state_updated,"[""updated""]",ok,
310,first_decision_updated,"[""updated""]",ok,
310,observations_updated,"[""updated""]",ok,
310,initial_state_frozen,"[""frozen""]",ok,
310,first_decision_frozen,"[""frozen""]",ok,
310,observations_frozen,"[""frozen""]",ok,
310,initial_state_reader_blocked,"[""reader_blocked""]",ok,
310,observations_reader_blocked,"[""reader_blocked""]",ok,
310,initial_state_sham,"[""sham""]",ok,
310,first_decision_sham,"[""sham""]",ok,
310,observations_sham,"[""sham""]",ok,
310,initial_state_resumed,"[""resumed""]",ok,
310,first_decision_resumed,"[""resumed""]",ok,
310,observations_resumed,"[""resumed""]",ok,
310,sham_functional_identity,"[""updated"",""sham""]",ok,
310,resumed_exact_traces,"[""updated"",""resumed""]",ok,
310,whole_model_frozen,"[""frozen""]",ok,
310,blocked_view_and_active_writer,"[""reader_blocked""]",ok,
310,generic_functional_identity,"[""generic""]",ok,
310,generic_estimates_acquisition,"[""generic""]",ok,
310,generic_estimates_adaptation,"[""generic""]",ok,
310,probe_state_unchanged_training_acquisition,"[""training""]",ok,
310,probe_state_unchanged_updated_adaptation,"[""updated""]",ok,
310,probe_state_unchanged_frozen_adaptation,"[""frozen""]",ok,
310,probe_state_unchanged_reader_blocked_adaptation,"[""reader_blocked""]",ok,
310,probe_state_unchanged_sham_adaptation,"[""sham""]",ok,
310,probe_state_unchanged_resumed_adaptation,"[""resumed""]",ok,
310,probe_state_unchanged_generic_acquisition,"[""generic""]",ok,
310,probe_state_unchanged_generic_adaptation,"[""generic""]",ok,
311,initial_state_updated,"[""updated""]",ok,
311,first_decision_updated,"[""updated""]",ok,
311,observations_updated,"[""updated""]",ok,
311,initial_state_frozen,"[""frozen""]",ok,
311,first_decision_frozen,"[""frozen""]",ok,
311,observations_frozen,"[""frozen""]",ok,
311,initial_state_reader_blocked,"[""reader_blocked""]",ok,
311,observations_reader_blocked,"[""reader_blocked""]",ok,
311,initial_state_sham,"[""sham""]",ok,
311,first_decision_sham,"[""sham""]",ok,
311,observations_sham,"[""sham""]",ok,
311,initial_state_resumed,"[""resumed""]",ok,
311,first_decision_resumed,"[""resumed""]",ok,
311,observations_resumed,"[""resumed""]",ok,
311,sham_functional_identity,"[""updated"",""sham""]",ok,
311,resumed_exact_traces,"[""updated"",""resumed""]",ok,
311,whole_model_frozen,"[""frozen""]",ok,
311,blocked_view_and_active_writer,"[""reader_blocked""]",ok,
311,generic_functional_identity,"[""generic""]",ok,
311,generic_estimates_acquisition,"[""generic""]",ok,
311,generic_estimates_adaptation,"[""generic""]",ok,
311,probe_state_unchanged_training_acquisition,"[""training""]",ok,
311,probe_state_unchanged_updated_adaptation,"[""updated""]",ok,
311,probe_state_unchanged_frozen_adaptation,"[""frozen""]",ok,
311,probe_state_unchanged_reader_blocked_adaptation,"[""reader_blocked""]",ok,
311,probe_state_unchanged_sham_adaptation,"[""sham""]",ok,
311,probe_state_unchanged_resumed_adaptation,"[""resumed""]",ok,
311,probe_state_unchanged_generic_acquisition,"[""generic""]",ok,
311,probe_state_unchanged_generic_adaptation,"[""generic""]",ok,
312,initial_state_updated,"[""updated""]",ok,
312,first_decision_updated,"[""updated""]",ok,
312,observations_updated,"[""updated""]",ok,
312,initial_state_frozen,"[""frozen""]",ok,
312,first_decision_frozen,"[""frozen""]",ok,
312,observations_frozen,"[""frozen""]",ok,
312,initial_state_reader_blocked,"[""reader_blocked""]",ok,
312,observations_reader_blocked,"[""reader_blocked""]",ok,
312,initial_state_sham,"[""sham""]",ok,
312,first_decision_sham,"[""sham""]",ok,
312,observations_sham,"[""sham""]",ok,
312,initial_state_resumed,"[""resumed""]",ok,
312,first_decision_resumed,"[""resumed""]",ok,
312,observations_resumed,"[""resumed""]",ok,
312,sham_functional_identity,"[""updated"",""sham""]",ok,
312,resumed_exact_traces,"[""updated"",""resumed""]",ok,
312,whole_model_frozen,"[""frozen""]",ok,
312,blocked_view_and_active_writer,"[""reader_blocked""]",ok,
312,generic_functional_identity,"[""generic""]",ok,
312,generic_estimates_acquisition,"[""generic""]",ok,
312,generic_estimates_adaptation,"[""generic""]",ok,
312,probe_state_unchanged_training_acquisition,"[""training""]",ok,
312,probe_state_unchanged_updated_adaptation,"[""updated""]",ok,
312,probe_state_unchanged_frozen_adaptation,"[""frozen""]",ok,
312,probe_state_unchanged_reader_blocked_adaptation,"[""reader_blocked""]",ok,
312,probe_state_unchanged_sham_adaptation,"[""sham""]",ok,
312,probe_state_unchanged_resumed_adaptation,"[""resumed""]",ok,
312,probe_state_unchanged_generic_acquisition,"[""generic""]",ok,
312,probe_state_unchanged_generic_adaptation,"[""generic""]",ok,
313,initial_state_updated,"[""updated""]",ok,
313,first_decision_updated,"[""updated""]",ok,
313,observations_updated,"[""updated""]",ok,
313,initial_state_frozen,"[""frozen""]",ok,
313,first_decision_frozen,"[""frozen""]",ok,
313,observations_frozen,"[""frozen""]",ok,
313,initial_state_reader_blocked,"[""reader_blocked""]",ok,
313,observations_reader_blocked,"[""reader_blocked""]",ok,
313,initial_state_sham,"[""sham""]",ok,
313,first_decision_sham,"[""sham""]",ok,
313,observations_sham,"[""sham""]",ok,
313,initial_state_resumed,"[""resumed""]",ok,
313,first_decision_resumed,"[""resumed""]",ok,
313,observations_resumed,"[""resumed""]",ok,
313,sham_functional_identity,"[""updated"",""sham""]",ok,
313,resumed_exact_traces,"[""updated"",""resumed""]",ok,
313,whole_model_frozen,"[""frozen""]",ok,
313,blocked_view_and_active_writer,"[""reader_blocked""]",ok,
313,generic_functional_identity,"[""generic""]",ok,
313,generic_estimates_acquisition,"[""generic""]",ok,
313,generic_estimates_adaptation,"[""generic""]",ok,
313,probe_state_unchanged_training_acquisition,"[""training""]",ok,
313,probe_state_unchanged_updated_adaptation,"[""updated""]",ok,
313,probe_state_unchanged_frozen_adaptation,"[""frozen""]",ok,
313,probe_state_unchanged_reader_blocked_adaptation,"[""reader_blocked""]",ok,
313,probe_state_unchanged_sham_adaptation,"[""sham""]",ok,
313,probe_state_unchanged_resumed_adaptation,"[""resumed""]",ok,
313,probe_state_unchanged_generic_acquisition,"[""generic""]",ok,
313,probe_state_unchanged_generic_adaptation,"[""generic""]",ok,
314,initial_state_updated,"[""updated""]",ok,
314,first_decision_updated,"[""updated""]",ok,
314,observations_updated,"[""updated""]",ok,
314,initial_state_frozen,"[""frozen""]",ok,
314,first_decision_frozen,"[""frozen""]",ok,
314,observations_frozen,"[""frozen""]",ok,
314,initial_state_reader_blocked,"[""reader_blocked""]",ok,
314,observations_reader_blocked,"[""reader_blocked""]",ok,
314,initial_state_sham,"[""sham""]",ok,
314,first_decision_sham,"[""sham""]",ok,
314,observations_sham,"[""sham""]",ok,
314,initial_state_resumed,"[""resumed""]",ok,
314,first_decision_resumed,"[""resumed""]",ok,
314,observations_resumed,"[""resumed""]",ok,
314,sham_functional_identity,"[""updated"",""sham""]",ok,
314,resumed_exact_traces,"[""updated"",""resumed""]",ok,
314,whole_model_frozen,"[""frozen""]",ok,
314,blocked_view_and_active_writer,"[""reader_blocked""]",ok,
314,generic_functional_identity,"[""generic""]",ok,
314,generic_estimates_acquisition,"[""generic""]",ok,
314,generic_estimates_adaptation,"[""generic""]",ok,
314,probe_state_unchanged_training_acquisition,"[""training""]",ok,
314,probe_state_unchanged_updated_adaptation,"[""updated""]",ok,
314,probe_state_unchanged_frozen_adaptation,"[""frozen""]",ok,
314,probe_state_unchanged_reader_blocked_adaptation,"[""reader_blocked""]",ok,
314,probe_state_unchanged_sham_adaptation,"[""sham""]",ok,
314,probe_state_unchanged_resumed_adaptation,"[""resumed""]",ok,
314,probe_state_unchanged_generic_acquisition,"[""generic""]",ok,
314,probe_state_unchanged_generic_adaptation,"[""generic""]",ok,
315,initial_state_updated,"[""updated""]",ok,
315,first_decision_updated,"[""updated""]",ok,
315,observations_updated,"[""updated""]",ok,
315,initial_state_frozen,"[""frozen""]",ok,
315,first_decision_frozen,"[""frozen""]",ok,
315,observations_frozen,"[""frozen""]",ok,
315,initial_state_reader_blocked,"[""reader_blocked""]",ok,
315,observations_reader_blocked,"[""reader_blocked""]",ok,
315,initial_state_sham,"[""sham""]",ok,
315,first_decision_sham,"[""sham""]",ok,
315,observations_sham,"[""sham""]",ok,
315,initial_state_resumed,"[""resumed""]",ok,
315,first_decision_resumed,"[""resumed""]",ok,
315,observations_resumed,"[""resumed""]",ok,
315,sham_functional_identity,"[""updated"",""sham""]",ok,
315,resumed_exact_traces,"[""updated"",""resumed""]",ok,
315,whole_model_frozen,"[""frozen""]",ok,
315,blocked_view_and_active_writer,"[""reader_blocked""]",ok,
315,generic_functional_identity,"[""generic""]",ok,
315,generic_estimates_acquisition,"[""generic""]",ok,
315,generic_estimates_adaptation,"[""generic""]",ok,
315,probe_state_unchanged_training_acquisition,"[""training""]",ok,
315,probe_state_unchanged_updated_adaptation,"[""updated""]",ok,
315,probe_state_unchanged_frozen_adaptation,"[""frozen""]",ok,
315,probe_state_unchanged_reader_blocked_adaptation,"[""reader_blocked""]",ok,
315,probe_state_unchanged_sham_adaptation,"[""sham""]",ok,
315,probe_state_unchanged_resumed_adaptation,"[""resumed""]",ok,
315,probe_state_unchanged_generic_acquisition,"[""generic""]",ok,
315,probe_state_unchanged_generic_adaptation,"[""generic""]",ok,
316,initial_state_updated,"[""updated""]",ok,
316,first_decision_updated,"[""updated""]",ok,
316,observations_updated,"[""updated""]",ok,
316,initial_state_frozen,"[""frozen""]",ok,
316,first_decision_frozen,"[""frozen""]",ok,
316,observations_frozen,"[""frozen""]",ok,
316,initial_state_reader_blocked,"[""reader_blocked""]",ok,
316,observations_reader_blocked,"[""reader_blocked""]",ok,
316,initial_state_sham,"[""sham""]",ok,
316,first_decision_sham,"[""sham""]",ok,
316,observations_sham,"[""sham""]",ok,
316,initial_state_resumed,"[""resumed""]",ok,
316,first_decision_resumed,"[""resumed""]",ok,
316,observations_resumed,"[""resumed""]",ok,
316,sham_functional_identity,"[""updated"",""sham""]",ok,
316,resumed_exact_traces,"[""updated"",""resumed""]",ok,
316,whole_model_frozen,"[""frozen""]",ok,
316,blocked_view_and_active_writer,"[""reader_blocked""]",ok,
316,generic_functional_identity,"[""generic""]",ok,
316,generic_estimates_acquisition,"[""generic""]",ok,
316,generic_estimates_adaptation,"[""generic""]",ok,
316,probe_state_unchanged_training_acquisition,"[""training""]",ok,
316,probe_state_unchanged_updated_adaptation,"[""updated""]",ok,
316,probe_state_unchanged_frozen_adaptation,"[""frozen""]",ok,
316,probe_state_unchanged_reader_blocked_adaptation,"[""reader_blocked""]",ok,
316,probe_state_unchanged_sham_adaptation,"[""sham""]",ok,
316,probe_state_unchanged_resumed_adaptation,"[""resumed""]",ok,
316,probe_state_unchanged_generic_acquisition,"[""generic""]",ok,
316,probe_state_unchanged_generic_adaptation,"[""generic""]",ok,
317,initial_state_updated,"[""updated""]",ok,
317,first_decision_updated,"[""updated""]",ok,
317,observations_updated,"[""updated""]",ok,
317,initial_state_frozen,"[""frozen""]",ok,
317,first_decision_frozen,"[""frozen""]",ok,
317,observations_frozen,"[""frozen""]",ok,
317,initial_state_reader_blocked,"[""reader_blocked""]",ok,
317,observations_reader_blocked,"[""reader_blocked""]",ok,
317,initial_state_sham,"[""sham""]",ok,
317,first_decision_sham,"[""sham""]",ok,
317,observations_sham,"[""sham""]",ok,
317,initial_state_resumed,"[""resumed""]",ok,
317,first_decision_resumed,"[""resumed""]",ok,
317,observations_resumed,"[""resumed""]",ok,
317,sham_functional_identity,"[""updated"",""sham""]",ok,
317,resumed_exact_traces,"[""updated"",""resumed""]",ok,
317,whole_model_frozen,"[""frozen""]",ok,
317,blocked_view_and_active_writer,"[""reader_blocked""]",ok,
317,generic_functional_identity,"[""generic""]",ok,
317,generic_estimates_acquisition,"[""generic""]",ok,
317,generic_estimates_adaptation,"[""generic""]",ok,
317,probe_state_unchanged_training_acquisition,"[""training""]",ok,
317,probe_state_unchanged_updated_adaptation,"[""updated""]",ok,
317,probe_state_unchanged_frozen_adaptation,"[""frozen""]",ok,
317,probe_state_unchanged_reader_blocked_adaptation,"[""reader_blocked""]",ok,
317,probe_state_unchanged_sham_adaptation,"[""sham""]",ok,
317,probe_state_unchanged_resumed_adaptation,"[""resumed""]",ok,
317,probe_state_unchanged_generic_acquisition,"[""generic""]",ok,
317,probe_state_unchanged_generic_adaptation,"[""generic""]",ok,
318,initial_state_updated,"[""updated""]",ok,
318,first_decision_updated,"[""updated""]",ok,
318,observations_updated,"[""updated""]",ok,
318,initial_state_frozen,"[""frozen""]",ok,
318,first_decision_frozen,"[""frozen""]",ok,
318,observations_frozen,"[""frozen""]",ok,
318,initial_state_reader_blocked,"[""reader_blocked""]",ok,
318,observations_reader_blocked,"[""reader_blocked""]",ok,
318,initial_state_sham,"[""sham""]",ok,
318,first_decision_sham,"[""sham""]",ok,
318,observations_sham,"[""sham""]",ok,
318,initial_state_resumed,"[""resumed""]",ok,
318,first_decision_resumed,"[""resumed""]",ok,
318,observations_resumed,"[""resumed""]",ok,
318,sham_functional_identity,"[""updated"",""sham""]",ok,
318,resumed_exact_traces,"[""updated"",""resumed""]",ok,
318,whole_model_frozen,"[""frozen""]",ok,
318,blocked_view_and_active_writer,"[""reader_blocked""]",ok,
318,generic_functional_identity,"[""generic""]",ok,
318,generic_estimates_acquisition,"[""generic""]",ok,
318,generic_estimates_adaptation,"[""generic""]",ok,
318,probe_state_unchanged_training_acquisition,"[""training""]",ok,
318,probe_state_unchanged_updated_adaptation,"[""updated""]",ok,
318,probe_state_unchanged_frozen_adaptation,"[""frozen""]",ok,
318,probe_state_unchanged_reader_blocked_adaptation,"[""reader_blocked""]",ok,
318,probe_state_unchanged_sham_adaptation,"[""sham""]",ok,
318,probe_state_unchanged_resumed_adaptation,"[""resumed""]",ok,
318,probe_state_unchanged_generic_acquisition,"[""generic""]",ok,
318,probe_state_unchanged_generic_adaptation,"[""generic""]",ok,
319,initial_state_updated,"[""updated""]",ok,
319,first_decision_updated,"[""updated""]",ok,
319,observations_updated,"[""updated""]",ok,
319,initial_state_frozen,"[""frozen""]",ok,
319,first_decision_frozen,"[""frozen""]",ok,
319,observations_frozen,"[""frozen""]",ok,
319,initial_state_reader_blocked,"[""reader_blocked""]",ok,
319,observations_reader_blocked,"[""reader_blocked""]",ok,
319,initial_state_sham,"[""sham""]",ok,
319,first_decision_sham,"[""sham""]",ok,
319,observations_sham,"[""sham""]",ok,
319,initial_state_resumed,"[""resumed""]",ok,
319,first_decision_resumed,"[""resumed""]",ok,
319,observations_resumed,"[""resumed""]",ok,
319,sham_functional_identity,"[""updated"",""sham""]",ok,
319,resumed_exact_traces,"[""updated"",""resumed""]",ok,
319,whole_model_frozen,"[""frozen""]",ok,
319,blocked_view_and_active_writer,"[""reader_blocked""]",ok,
319,generic_functional_identity,"[""generic""]",ok,
319,generic_estimates_acquisition,"[""generic""]",ok,
319,generic_estimates_adaptation,"[""generic""]",ok,
319,probe_state_unchanged_training_acquisition,"[""training""]",ok,
319,probe_state_unchanged_updated_adaptation,"[""updated""]",ok,
319,probe_state_unchanged_frozen_adaptation,"[""frozen""]",ok,
319,probe_state_unchanged_reader_blocked_adaptation,"[""reader_blocked""]",ok,
319,probe_state_unchanged_sham_adaptation,"[""sham""]",ok,
319,probe_state_unchanged_resumed_adaptation,"[""resumed""]",ok,
319,probe_state_unchanged_generic_acquisition,"[""generic""]",ok,
319,probe_state_unchanged_generic_adaptation,"[""generic""]",ok,
