contrast,phase,baseline,condition,metric,status,planned_pairs,complete_pairs,excluded_seeds,difference_condition_minus_baseline,ci95_low,ci95_high,bootstrap_samples,statistical_seed
primary_adaptation,adaptation,frozen,updated,utility_mean,ok,20,20,[],0.37925000000000003,0.331928125,0.42981875,2000,20261005
primary_adaptation,adaptation,frozen,updated,success_rate,ok,20,20,[],0.48875,0.4375,0.5387500000000001,2000,20261005
primary_adaptation,adaptation,frozen,updated,execution_error_rate,ok,20,20,[],-0.48875,-0.5425,-0.435,2000,20261005
primary_adaptation,adaptation,frozen,updated,decision_error_rate,ok,20,20,[],0,0.0,0.0,2000,20261005
primary_adaptation,adaptation,frozen,updated,safe_rate,ok,20,20,[],0.73,0.68875,0.77125,2000,20261005
primary_adaptation,adaptation,frozen,updated,execution_brier_mean,ok,20,20,[],-0.49444769551715256,-0.5432946523579433,-0.44769685998184505,2000,20261005
primary_adaptation,adaptation,frozen,updated,probe_brier_mean,ok,20,20,[],-0.2919931845457714,-0.3220178976296076,-0.2617210539269773,2000,20261005
primary_adaptation,adaptation,frozen,updated,cost_mean,ok,20,20,[],0.10950000000000001,0.10312500000000001,0.1155,2000,20261005
primary_adaptation,adaptation,frozen,updated,model_updates,ok,20,20,[],40,40.0,40.0,2000,20261005
primary_adaptation,adaptation,frozen,updated,agent_bytes_peak,ok,20,20,[],-16.25,-21.55125,-10.848750000000006,2000,20261005
primary_adaptation,adaptation,frozen,updated,actions_consumed,ok,20,20,[],0,0.0,0.0,2000,20261005
reader_intervention,adaptation,updated,reader_blocked,utility_mean,ok,20,20,[],-0.37925000000000003,-0.42788281250000004,-0.3324875000000001,2000,20261005
reader_intervention,adaptation,updated,reader_blocked,success_rate,ok,20,20,[],-0.48875,-0.54,-0.4349687500000002,2000,20261005
reader_intervention,adaptation,updated,reader_blocked,execution_error_rate,ok,20,20,[],0.48875,0.43621875,0.5425,2000,20261005
reader_intervention,adaptation,updated,reader_blocked,decision_error_rate,ok,20,20,[],0,0.0,0.0,2000,20261005
reader_intervention,adaptation,updated,reader_blocked,safe_rate,ok,20,20,[],-0.73,-0.7675,-0.6875,2000,20261005
reader_intervention,adaptation,updated,reader_blocked,execution_brier_mean,ok,20,20,[],0.064219260369519,0.04710902042346685,0.08104434837605545,2000,20261005
reader_intervention,adaptation,updated,reader_blocked,probe_brier_mean,ok,20,20,[],0.016006987990453515,-0.006863889136966533,0.04079199610390478,2000,20261005
reader_intervention,adaptation,updated,reader_blocked,cost_mean,ok,20,20,[],-0.10950000000000001,-0.1155,-0.10350000000000001,2000,20261005
reader_intervention,adaptation,updated,reader_blocked,model_updates,ok,20,20,[],0,0.0,0.0,2000,20261005
reader_intervention,adaptation,updated,reader_blocked,agent_bytes_peak,ok,20,20,[],17.15,11.85,22.55,2000,20261005
reader_intervention,adaptation,updated,reader_blocked,actions_consumed,ok,20,20,[],0,0.0,0.0,2000,20261005
generic_control,adaptation,updated,generic,utility_mean,ok,20,20,[],0.0,0.0,0.0,2000,20261005
generic_control,adaptation,updated,generic,success_rate,ok,20,20,[],0.0,0.0,0.0,2000,20261005
generic_control,adaptation,updated,generic,execution_error_rate,ok,20,20,[],0.0,0.0,0.0,2000,20261005
generic_control,adaptation,updated,generic,decision_error_rate,ok,20,20,[],0,0.0,0.0,2000,20261005
generic_control,adaptation,updated,generic,safe_rate,ok,20,20,[],0.0,0.0,0.0,2000,20261005
generic_control,adaptation,updated,generic,execution_brier_mean,ok,20,20,[],0.0,0.0,0.0,2000,20261005
generic_control,adaptation,updated,generic,probe_brier_mean,ok,20,20,[],0.0,0.0,0.0,2000,20261005
generic_control,adaptation,updated,generic,cost_mean,ok,20,20,[],0.0,0.0,0.0,2000,20261005
generic_control,adaptation,updated,generic,model_updates,ok,20,20,[],0,0.0,0.0,2000,20261005
generic_control,adaptation,updated,generic,agent_bytes_peak,ok,20,20,[],-11,-11.0,-11.0,2000,20261005
generic_control,adaptation,updated,generic,actions_consumed,ok,20,20,[],0,0.0,0.0,2000,20261005
generic_acquisition,acquisition,training,generic,utility_mean,ok,20,20,[],0.0,0.0,0.0,2000,20261005
generic_acquisition,acquisition,training,generic,success_rate,ok,20,20,[],0.0,0.0,0.0,2000,20261005
generic_acquisition,acquisition,training,generic,execution_error_rate,ok,20,20,[],0.0,0.0,0.0,2000,20261005
generic_acquisition,acquisition,training,generic,decision_error_rate,ok,20,20,[],0,0.0,0.0,2000,20261005
generic_acquisition,acquisition,training,generic,safe_rate,ok,20,20,[],0.0,0.0,0.0,2000,20261005
generic_acquisition,acquisition,training,generic,execution_brier_mean,ok,20,20,[],0.0,0.0,0.0,2000,20261005
generic_acquisition,acquisition,training,generic,probe_brier_mean,ok,20,20,[],0.0,0.0,0.0,2000,20261005
generic_acquisition,acquisition,training,generic,cost_mean,ok,20,20,[],0.0,0.0,0.0,2000,20261005
generic_acquisition,acquisition,training,generic,model_updates,ok,20,20,[],0,0.0,0.0,2000,20261005
generic_acquisition,acquisition,training,generic,agent_bytes_peak,ok,20,20,[],-11,-11.0,-11.0,2000,20261005
generic_acquisition,acquisition,training,generic,actions_consumed,ok,20,20,[],0,0.0,0.0,2000,20261005
sham_control,adaptation,updated,sham,utility_mean,ok,20,20,[],0.0,0.0,0.0,2000,20261005
sham_control,adaptation,updated,sham,success_rate,ok,20,20,[],0.0,0.0,0.0,2000,20261005
sham_control,adaptation,updated,sham,execution_error_rate,ok,20,20,[],0.0,0.0,0.0,2000,20261005
sham_control,adaptation,updated,sham,decision_error_rate,ok,20,20,[],0,0.0,0.0,2000,20261005
sham_control,adaptation,updated,sham,safe_rate,ok,20,20,[],0.0,0.0,0.0,2000,20261005
sham_control,adaptation,updated,sham,execution_brier_mean,ok,20,20,[],0.0,0.0,0.0,2000,20261005
sham_control,adaptation,updated,sham,probe_brier_mean,ok,20,20,[],0.0,0.0,0.0,2000,20261005
sham_control,adaptation,updated,sham,cost_mean,ok,20,20,[],0.0,0.0,0.0,2000,20261005
sham_control,adaptation,updated,sham,model_updates,ok,20,20,[],0,0.0,0.0,2000,20261005
sham_control,adaptation,updated,sham,agent_bytes_peak,ok,20,20,[],0,0.0,0.0,2000,20261005
sham_control,adaptation,updated,sham,actions_consumed,ok,20,20,[],0,0.0,0.0,2000,20261005
restart_control,adaptation,updated,resumed,utility_mean,ok,20,20,[],0.0,0.0,0.0,2000,20261005
restart_control,adaptation,updated,resumed,success_rate,ok,20,20,[],0.0,0.0,0.0,2000,20261005
restart_control,adaptation,updated,resumed,execution_error_rate,ok,20,20,[],0.0,0.0,0.0,2000,20261005
restart_control,adaptation,updated,resumed,decision_error_rate,ok,20,20,[],0,0.0,0.0,2000,20261005
restart_control,adaptation,updated,resumed,safe_rate,ok,20,20,[],0.0,0.0,0.0,2000,20261005
restart_control,adaptation,updated,resumed,execution_brier_mean,ok,20,20,[],0.0,0.0,0.0,2000,20261005
restart_control,adaptation,updated,resumed,probe_brier_mean,ok,20,20,[],0.0,0.0,0.0,2000,20261005
restart_control,adaptation,updated,resumed,cost_mean,ok,20,20,[],0.0,0.0,0.0,2000,20261005
restart_control,adaptation,updated,resumed,model_updates,ok,20,20,[],0,0.0,0.0,2000,20261005
restart_control,adaptation,updated,resumed,agent_bytes_peak,ok,20,20,[],0,0.0,0.0,2000,20261005
restart_control,adaptation,updated,resumed,actions_consumed,ok,20,20,[],0,0.0,0.0,2000,20261005
