seed,condition,phase,block,episode_start,episode_end,episodes_planned,episodes_completed,status,verify_valid,success_rate,utility_mean,cost_mean,safe_rate,execution_brier_mean
300,training,acquisition,1,1,10,10,10,ok,True,1,0.9349999999999999,0.065,0.1,0.09319344454795264
300,training,acquisition,2,11,20,10,10,ok,True,1,0.95,0.05,0,0.001236576849662539
300,training,acquisition,3,21,30,10,10,ok,True,1,0.9349999999999999,0.065,0.1,0.016014163224315963
300,training,acquisition,4,31,40,10,10,ok,True,0.9,0.835,0.065,0.1,0.11676285437865787
300,updated,adaptation,1,1,10,10,10,ok,True,0.5,0.375,0.125,0.5,0.2810870928500004
300,updated,adaptation,2,11,20,10,10,ok,True,0.8,0.615,0.185,0.9,0.1154495106093767
300,updated,adaptation,3,21,30,10,10,ok,True,0.7,0.5,0.2,1,0.2518305064877023
300,updated,adaptation,4,31,40,10,10,ok,True,0.7,0.5,0.2,1,0.24405727392247464
300,frozen,adaptation,1,1,10,10,10,ok,True,0.3,0.24999999999999997,0.05,0,0.5370355171598126
300,frozen,adaptation,2,11,20,10,10,ok,True,0.3,0.235,0.065,0.1,0.5419473924048264
300,frozen,adaptation,3,21,30,10,10,ok,True,0,-0.05,0.05,0,0.7601576327069345
300,frozen,adaptation,4,31,40,10,10,ok,True,0.2,0.135,0.065,0.1,0.6163214309205337
300,reader_blocked,adaptation,1,1,10,10,10,ok,True,0.3,0.24999999999999997,0.05,0,0.25
300,reader_blocked,adaptation,2,11,20,10,10,ok,True,0.3,0.235,0.065,0.1,0.25
300,reader_blocked,adaptation,3,21,30,10,10,ok,True,0,-0.05,0.05,0,0.25
300,reader_blocked,adaptation,4,31,40,10,10,ok,True,0.2,0.135,0.065,0.1,0.25
300,sham,adaptation,1,1,10,10,10,ok,True,0.5,0.375,0.125,0.5,0.2810870928500004
300,sham,adaptation,2,11,20,10,10,ok,True,0.8,0.615,0.185,0.9,0.1154495106093767
300,sham,adaptation,3,21,30,10,10,ok,True,0.7,0.5,0.2,1,0.2518305064877023
300,sham,adaptation,4,31,40,10,10,ok,True,0.7,0.5,0.2,1,0.24405727392247464
300,resumed,adaptation,1,1,10,10,10,ok,True,0.5,0.375,0.125,0.5,0.2810870928500004
300,resumed,adaptation,2,11,20,10,10,ok,True,0.8,0.615,0.185,0.9,0.1154495106093767
300,resumed,adaptation,3,21,30,10,10,ok,True,0.7,0.5,0.2,1,0.2518305064877023
300,resumed,adaptation,4,31,40,10,10,ok,True,0.7,0.5,0.2,1,0.24405727392247464
300,generic,acquisition,1,1,10,10,10,ok,True,1,0.9349999999999999,0.065,0.1,0.09319344454795264
300,generic,acquisition,2,11,20,10,10,ok,True,1,0.95,0.05,0,0.001236576849662539
300,generic,acquisition,3,21,30,10,10,ok,True,1,0.9349999999999999,0.065,0.1,0.016014163224315963
300,generic,acquisition,4,31,40,10,10,ok,True,0.9,0.835,0.065,0.1,0.11676285437865787
300,generic,adaptation,1,1,10,10,10,ok,True,0.5,0.375,0.125,0.5,0.2810870928500004
300,generic,adaptation,2,11,20,10,10,ok,True,0.8,0.615,0.185,0.9,0.1154495106093767
300,generic,adaptation,3,21,30,10,10,ok,True,0.7,0.5,0.2,1,0.2518305064877023
300,generic,adaptation,4,31,40,10,10,ok,True,0.7,0.5,0.2,1,0.24405727392247464
301,training,acquisition,1,1,10,10,10,ok,True,1,0.9349999999999999,0.065,0.1,0.09319344454795264
301,training,acquisition,2,11,20,10,10,ok,True,0.9,0.85,0.05,0,0.10755650655691276
301,training,acquisition,3,21,30,10,10,ok,True,0.9,0.85,0.05,0,0.10516586389415182
301,training,acquisition,4,31,40,10,10,ok,True,0.8,0.75,0.05,0,0.20174160573232341
301,updated,adaptation,1,1,10,10,10,ok,True,0.4,0.35,0.05,0,0.3583884766470647
301,updated,adaptation,2,11,20,10,10,ok,True,0.8,0.63,0.17,0.8,0.0734284230843898
301,updated,adaptation,3,21,30,10,10,ok,True,0.8,0.6000000000000001,0.2,1,0.19898883817357585
301,updated,adaptation,4,31,40,10,10,ok,True,1,0.8,0.2,1,0.006306179631592174
301,frozen,adaptation,1,1,10,10,10,ok,True,0.4,0.35,0.05,0,0.4443827609766592
301,frozen,adaptation,2,11,20,10,10,ok,True,0.2,0.15,0.05,0,0.5852176076082347
301,frozen,adaptation,3,21,30,10,10,ok,True,0.3,0.235,0.065,0.1,0.4781949388684659
301,frozen,adaptation,4,31,40,10,10,ok,True,0.3,0.235,0.065,0.1,0.5286123621842538
301,reader_blocked,adaptation,1,1,10,10,10,ok,True,0.4,0.35,0.05,0,0.25
301,reader_blocked,adaptation,2,11,20,10,10,ok,True,0.2,0.15,0.05,0,0.25
301,reader_blocked,adaptation,3,21,30,10,10,ok,True,0.3,0.235,0.065,0.1,0.25
301,reader_blocked,adaptation,4,31,40,10,10,ok,True,0.3,0.235,0.065,0.1,0.25
301,sham,adaptation,1,1,10,10,10,ok,True,0.4,0.35,0.05,0,0.3583884766470647
301,sham,adaptation,2,11,20,10,10,ok,True,0.8,0.63,0.17,0.8,0.0734284230843898
301,sham,adaptation,3,21,30,10,10,ok,True,0.8,0.6000000000000001,0.2,1,0.19898883817357585
301,sham,adaptation,4,31,40,10,10,ok,True,1,0.8,0.2,1,0.006306179631592174
301,resumed,adaptation,1,1,10,10,10,ok,True,0.4,0.35,0.05,0,0.3583884766470647
301,resumed,adaptation,2,11,20,10,10,ok,True,0.8,0.63,0.17,0.8,0.0734284230843898
301,resumed,adaptation,3,21,30,10,10,ok,True,0.8,0.6000000000000001,0.2,1,0.19898883817357585
301,resumed,adaptation,4,31,40,10,10,ok,True,1,0.8,0.2,1,0.006306179631592174
301,generic,acquisition,1,1,10,10,10,ok,True,1,0.9349999999999999,0.065,0.1,0.09319344454795264
301,generic,acquisition,2,11,20,10,10,ok,True,0.9,0.85,0.05,0,0.10755650655691276
301,generic,acquisition,3,21,30,10,10,ok,True,0.9,0.85,0.05,0,0.10516586389415182
301,generic,acquisition,4,31,40,10,10,ok,True,0.8,0.75,0.05,0,0.20174160573232341
301,generic,adaptation,1,1,10,10,10,ok,True,0.4,0.35,0.05,0,0.3583884766470647
301,generic,adaptation,2,11,20,10,10,ok,True,0.8,0.63,0.17,0.8,0.0734284230843898
301,generic,adaptation,3,21,30,10,10,ok,True,0.8,0.6000000000000001,0.2,1,0.19898883817357585
301,generic,adaptation,4,31,40,10,10,ok,True,1,0.8,0.2,1,0.006306179631592174
302,training,acquisition,1,1,10,10,10,ok,True,0.9,0.85,0.05,0,0.1592244499890897
302,training,acquisition,2,11,20,10,10,ok,True,1,0.9349999999999999,0.065,0.1,0.03164563666808093
302,training,acquisition,3,21,30,10,10,ok,True,1,0.905,0.095,0.3,0.032910151537308516
302,training,acquisition,4,31,40,10,10,ok,True,0.9,0.835,0.065,0.1,0.0632395692158195
302,updated,adaptation,1,1,10,10,10,ok,True,0.5,0.375,0.125,0.5,0.28048300007979243
302,updated,adaptation,2,11,20,10,10,ok,True,0.9,0.7000000000000001,0.2,1,0.10822643814568213
302,updated,adaptation,3,21,30,10,10,ok,True,0.9,0.7000000000000001,0.2,1,0.10732437291896088
302,updated,adaptation,4,31,40,10,10,ok,True,0.9,0.7000000000000001,0.2,1,0.1040462186746829
302,frozen,adaptation,1,1,10,10,10,ok,True,0.2,0.15,0.05,0,0.7990568591496239
302,frozen,adaptation,2,11,20,10,10,ok,True,0.2,0.135,0.065,0.1,0.8122947789373314
302,frozen,adaptation,3,21,30,10,10,ok,True,0,-0.05,0.05,0,0.9988209870062986
302,frozen,adaptation,4,31,40,10,10,ok,True,0,-0.05,0.05,0,0.9988209870062986
302,reader_blocked,adaptation,1,1,10,10,10,ok,True,0.2,0.15,0.05,0,0.25
302,reader_blocked,adaptation,2,11,20,10,10,ok,True,0.2,0.135,0.065,0.1,0.25
302,reader_blocked,adaptation,3,21,30,10,10,ok,True,0,-0.05,0.05,0,0.25
302,reader_blocked,adaptation,4,31,40,10,10,ok,True,0,-0.05,0.05,0,0.25
302,sham,adaptation,1,1,10,10,10,ok,True,0.5,0.375,0.125,0.5,0.28048300007979243
302,sham,adaptation,2,11,20,10,10,ok,True,0.9,0.7000000000000001,0.2,1,0.10822643814568213
302,sham,adaptation,3,21,30,10,10,ok,True,0.9,0.7000000000000001,0.2,1,0.10732437291896088
302,sham,adaptation,4,31,40,10,10,ok,True,0.9,0.7000000000000001,0.2,1,0.1040462186746829
302,resumed,adaptation,1,1,10,10,10,ok,True,0.5,0.375,0.125,0.5,0.28048300007979243
302,resumed,adaptation,2,11,20,10,10,ok,True,0.9,0.7000000000000001,0.2,1,0.10822643814568213
302,resumed,adaptation,3,21,30,10,10,ok,True,0.9,0.7000000000000001,0.2,1,0.10732437291896088
302,resumed,adaptation,4,31,40,10,10,ok,True,0.9,0.7000000000000001,0.2,1,0.1040462186746829
302,generic,acquisition,1,1,10,10,10,ok,True,0.9,0.85,0.05,0,0.1592244499890897
302,generic,acquisition,2,11,20,10,10,ok,True,1,0.9349999999999999,0.065,0.1,0.03164563666808093
302,generic,acquisition,3,21,30,10,10,ok,True,1,0.905,0.095,0.3,0.032910151537308516
302,generic,acquisition,4,31,40,10,10,ok,True,0.9,0.835,0.065,0.1,0.0632395692158195
302,generic,adaptation,1,1,10,10,10,ok,True,0.5,0.375,0.125,0.5,0.28048300007979243
302,generic,adaptation,2,11,20,10,10,ok,True,0.9,0.7000000000000001,0.2,1,0.10822643814568213
302,generic,adaptation,3,21,30,10,10,ok,True,0.9,0.7000000000000001,0.2,1,0.10732437291896088
302,generic,adaptation,4,31,40,10,10,ok,True,0.9,0.7000000000000001,0.2,1,0.1040462186746829
303,training,acquisition,1,1,10,10,10,ok,True,1,0.95,0.05,0,0.06864380451068969
303,training,acquisition,2,11,20,10,10,ok,True,1,0.9349999999999999,0.065,0.1,0.02578621688692549
303,training,acquisition,3,21,30,10,10,ok,True,1,0.9199999999999999,0.08,0.2,0.026254017074152234
303,training,acquisition,4,31,40,10,10,ok,True,0.9,0.85,0.05,0,0.11053384777824062
303,updated,adaptation,1,1,10,10,10,ok,True,0.6,0.445,0.155,0.7,0.2965715144591845
303,updated,adaptation,2,11,20,10,10,ok,True,0.9,0.7000000000000001,0.2,1,0.10850714091297592
303,updated,adaptation,3,21,30,10,10,ok,True,0.9,0.7000000000000001,0.2,1,0.10769720143358391
303,updated,adaptation,4,31,40,10,10,ok,True,0.7,0.53,0.17,0.8,0.14167162242083647
303,frozen,adaptation,1,1,10,10,10,ok,True,0.2,0.135,0.065,0.1,0.7408301561667933
303,frozen,adaptation,2,11,20,10,10,ok,True,0.2,0.15,0.05,0,0.7344535686158082
303,frozen,adaptation,3,21,30,10,10,ok,True,0.1,0.049999999999999996,0.05,0,0.8260389991315156
303,frozen,adaptation,4,31,40,10,10,ok,True,0.1,0.035,0.065,0.1,0.8324155866825006
303,reader_blocked,adaptation,1,1,10,10,10,ok,True,0.2,0.135,0.065,0.1,0.25
303,reader_blocked,adaptation,2,11,20,10,10,ok,True,0.2,0.15,0.05,0,0.25
303,reader_blocked,adaptation,3,21,30,10,10,ok,True,0.1,0.049999999999999996,0.05,0,0.25
303,reader_blocked,adaptation,4,31,40,10,10,ok,True,0.1,0.035,0.065,0.1,0.25
303,sham,adaptation,1,1,10,10,10,ok,True,0.6,0.445,0.155,0.7,0.2965715144591845
303,sham,adaptation,2,11,20,10,10,ok,True,0.9,0.7000000000000001,0.2,1,0.10850714091297592
303,sham,adaptation,3,21,30,10,10,ok,True,0.9,0.7000000000000001,0.2,1,0.10769720143358391
303,sham,adaptation,4,31,40,10,10,ok,True,0.7,0.53,0.17,0.8,0.14167162242083647
303,resumed,adaptation,1,1,10,10,10,ok,True,0.6,0.445,0.155,0.7,0.2965715144591845
303,resumed,adaptation,2,11,20,10,10,ok,True,0.9,0.7000000000000001,0.2,1,0.10850714091297592
303,resumed,adaptation,3,21,30,10,10,ok,True,0.9,0.7000000000000001,0.2,1,0.10769720143358391
303,resumed,adaptation,4,31,40,10,10,ok,True,0.7,0.53,0.17,0.8,0.14167162242083647
303,generic,acquisition,1,1,10,10,10,ok,True,1,0.95,0.05,0,0.06864380451068969
303,generic,acquisition,2,11,20,10,10,ok,True,1,0.9349999999999999,0.065,0.1,0.02578621688692549
303,generic,acquisition,3,21,30,10,10,ok,True,1,0.9199999999999999,0.08,0.2,0.026254017074152234
303,generic,acquisition,4,31,40,10,10,ok,True,0.9,0.85,0.05,0,0.11053384777824062
303,generic,adaptation,1,1,10,10,10,ok,True,0.6,0.445,0.155,0.7,0.2965715144591845
303,generic,adaptation,2,11,20,10,10,ok,True,0.9,0.7000000000000001,0.2,1,0.10850714091297592
303,generic,adaptation,3,21,30,10,10,ok,True,0.9,0.7000000000000001,0.2,1,0.10769720143358391
303,generic,adaptation,4,31,40,10,10,ok,True,0.7,0.53,0.17,0.8,0.14167162242083647
304,training,acquisition,1,1,10,10,10,ok,True,1,0.95,0.05,0,0.06864380451068969
304,training,acquisition,2,11,20,10,10,ok,True,1,0.95,0.05,0,0.000791409183784025
304,training,acquisition,3,21,30,10,10,ok,True,1,0.95,0.05,0,9.12432666927928e-06
304,training,acquisition,4,31,40,10,10,ok,True,0.9,0.85,0.05,0,0.099983489846377
304,updated,adaptation,1,1,10,10,10,ok,True,0.3,0.20500000000000002,0.095,0.3,0.29869874048267114
304,updated,adaptation,2,11,20,10,10,ok,True,0.8,0.63,0.17,0.8,0.05003070968293545
304,updated,adaptation,3,21,30,10,10,ok,True,0.9,0.7000000000000001,0.2,1,0.10772615598653557
304,updated,adaptation,4,31,40,10,10,ok,True,0.8,0.6000000000000001,0.2,1,0.19757886321273538
304,frozen,adaptation,1,1,10,10,10,ok,True,0.3,0.22,0.08,0.2,0.4419415175018795
304,frozen,adaptation,2,11,20,10,10,ok,True,0.4,0.35,0.05,0,0.3999468352972862
304,frozen,adaptation,3,21,30,10,10,ok,True,0.2,0.15,0.05,0,0.5199202507373705
304,frozen,adaptation,4,31,40,10,10,ok,True,0.5,0.42,0.08,0.2,0.3819548097818374
304,reader_blocked,adaptation,1,1,10,10,10,ok,True,0.3,0.22,0.08,0.2,0.25
304,reader_blocked,adaptation,2,11,20,10,10,ok,True,0.4,0.35,0.05,0,0.25
304,reader_blocked,adaptation,3,21,30,10,10,ok,True,0.2,0.15,0.05,0,0.25
304,reader_blocked,adaptation,4,31,40,10,10,ok,True,0.5,0.42,0.08,0.2,0.25
304,sham,adaptation,1,1,10,10,10,ok,True,0.3,0.20500000000000002,0.095,0.3,0.29869874048267114
304,sham,adaptation,2,11,20,10,10,ok,True,0.8,0.63,0.17,0.8,0.05003070968293545
304,sham,adaptation,3,21,30,10,10,ok,True,0.9,0.7000000000000001,0.2,1,0.10772615598653557
304,sham,adaptation,4,31,40,10,10,ok,True,0.8,0.6000000000000001,0.2,1,0.19757886321273538
304,resumed,adaptation,1,1,10,10,10,ok,True,0.3,0.20500000000000002,0.095,0.3,0.29869874048267114
304,resumed,adaptation,2,11,20,10,10,ok,True,0.8,0.63,0.17,0.8,0.05003070968293545
304,resumed,adaptation,3,21,30,10,10,ok,True,0.9,0.7000000000000001,0.2,1,0.10772615598653557
304,resumed,adaptation,4,31,40,10,10,ok,True,0.8,0.6000000000000001,0.2,1,0.19757886321273538
304,generic,acquisition,1,1,10,10,10,ok,True,1,0.95,0.05,0,0.06864380451068969
304,generic,acquisition,2,11,20,10,10,ok,True,1,0.95,0.05,0,0.000791409183784025
304,generic,acquisition,3,21,30,10,10,ok,True,1,0.95,0.05,0,9.12432666927928e-06
304,generic,acquisition,4,31,40,10,10,ok,True,0.9,0.85,0.05,0,0.099983489846377
304,generic,adaptation,1,1,10,10,10,ok,True,0.3,0.20500000000000002,0.095,0.3,0.29869874048267114
304,generic,adaptation,2,11,20,10,10,ok,True,0.8,0.63,0.17,0.8,0.05003070968293545
304,generic,adaptation,3,21,30,10,10,ok,True,0.9,0.7000000000000001,0.2,1,0.10772615598653557
304,generic,adaptation,4,31,40,10,10,ok,True,0.8,0.6000000000000001,0.2,1,0.19757886321273538
305,training,acquisition,1,1,10,10,10,ok,True,1,0.95,0.05,0,0.06864380451068969
305,training,acquisition,2,11,20,10,10,ok,True,0.9,0.85,0.05,0,0.10782134415202282
305,training,acquisition,3,21,30,10,10,ok,True,1,0.9349999999999999,0.065,0.1,0.027097245851413997
305,training,acquisition,4,31,40,10,10,ok,True,1,0.9349999999999999,0.065,0.1,0.016037780622539733
305,updated,adaptation,1,1,10,10,10,ok,True,0.6,0.49,0.11,0.4,0.30549985240888367
305,updated,adaptation,2,11,20,10,10,ok,True,0.5,0.33,0.17,0.8,0.269090133057345
305,updated,adaptation,3,21,30,10,10,ok,True,1,0.8150000000000001,0.185,0.9,0.08352920339407563
305,updated,adaptation,4,31,40,10,10,ok,True,0.9,0.7000000000000001,0.2,1,0.10788037524821122
305,frozen,adaptation,1,1,10,10,10,ok,True,0.4,0.35,0.05,0,0.5981069925345541
305,frozen,adaptation,2,11,20,10,10,ok,True,0.3,0.235,0.065,0.1,0.7080308259329171
305,frozen,adaptation,3,21,30,10,10,ok,True,0.5,0.44999999999999996,0.05,0,0.4984229096271676
305,frozen,adaptation,4,31,40,10,10,ok,True,0.1,0.035,0.065,0.1,0.9073989917476901
305,reader_blocked,adaptation,1,1,10,10,10,ok,True,0.4,0.35,0.05,0,0.25
305,reader_blocked,adaptation,2,11,20,10,10,ok,True,0.3,0.235,0.065,0.1,0.25
305,reader_blocked,adaptation,3,21,30,10,10,ok,True,0.5,0.44999999999999996,0.05,0,0.25
305,reader_blocked,adaptation,4,31,40,10,10,ok,True,0.1,0.035,0.065,0.1,0.25
305,sham,adaptation,1,1,10,10,10,ok,True,0.6,0.49,0.11,0.4,0.30549985240888367
305,sham,adaptation,2,11,20,10,10,ok,True,0.5,0.33,0.17,0.8,0.269090133057345
305,sham,adaptation,3,21,30,10,10,ok,True,1,0.8150000000000001,0.185,0.9,0.08352920339407563
305,sham,adaptation,4,31,40,10,10,ok,True,0.9,0.7000000000000001,0.2,1,0.10788037524821122
305,resumed,adaptation,1,1,10,10,10,ok,True,0.6,0.49,0.11,0.4,0.30549985240888367
305,resumed,adaptation,2,11,20,10,10,ok,True,0.5,0.33,0.17,0.8,0.269090133057345
305,resumed,adaptation,3,21,30,10,10,ok,True,1,0.8150000000000001,0.185,0.9,0.08352920339407563
305,resumed,adaptation,4,31,40,10,10,ok,True,0.9,0.7000000000000001,0.2,1,0.10788037524821122
305,generic,acquisition,1,1,10,10,10,ok,True,1,0.95,0.05,0,0.06864380451068969
305,generic,acquisition,2,11,20,10,10,ok,True,0.9,0.85,0.05,0,0.10782134415202282
305,generic,acquisition,3,21,30,10,10,ok,True,1,0.9349999999999999,0.065,0.1,0.027097245851413997
305,generic,acquisition,4,31,40,10,10,ok,True,1,0.9349999999999999,0.065,0.1,0.016037780622539733
305,generic,adaptation,1,1,10,10,10,ok,True,0.6,0.49,0.11,0.4,0.30549985240888367
305,generic,adaptation,2,11,20,10,10,ok,True,0.5,0.33,0.17,0.8,0.269090133057345
305,generic,adaptation,3,21,30,10,10,ok,True,1,0.8150000000000001,0.185,0.9,0.08352920339407563
305,generic,adaptation,4,31,40,10,10,ok,True,0.9,0.7000000000000001,0.2,1,0.10788037524821122
306,training,acquisition,1,1,10,10,10,ok,True,0.9,0.85,0.05,0,0.1585509430706897
306,training,acquisition,2,11,20,10,10,ok,True,0.9,0.85,0.05,0,0.10391393807678649
306,training,acquisition,3,21,30,10,10,ok,True,1,0.9199999999999999,0.08,0.2,0.041861743418514334
306,training,acquisition,4,31,40,10,10,ok,True,1,0.9349999999999999,0.065,0.1,0.010264508827197465
306,updated,adaptation,1,1,10,10,10,ok,True,0.7,0.545,0.155,0.7,0.22184261868682895
306,updated,adaptation,2,11,20,10,10,ok,True,0.9,0.7000000000000001,0.2,1,0.10327819970898755
306,updated,adaptation,3,21,30,10,10,ok,True,0.9,0.7000000000000001,0.2,1,0.10309504198527498
306,updated,adaptation,4,31,40,10,10,ok,True,0.5,0.34500000000000003,0.155,0.7,0.26912789667861187
306,frozen,adaptation,1,1,10,10,10,ok,True,0.2,0.12000000000000001,0.08,0.2,0.81107290716682
306,frozen,adaptation,2,11,20,10,10,ok,True,0.3,0.235,0.065,0.1,0.7047739174910721
306,frozen,adaptation,3,21,30,10,10,ok,True,0.3,0.235,0.065,0.1,0.7047739174910721
306,frozen,adaptation,4,31,40,10,10,ok,True,0.2,0.15,0.05,0,0.7979660308869246
306,reader_blocked,adaptation,1,1,10,10,10,ok,True,0.2,0.12000000000000001,0.08,0.2,0.25
306,reader_blocked,adaptation,2,11,20,10,10,ok,True,0.3,0.235,0.065,0.1,0.25
306,reader_blocked,adaptation,3,21,30,10,10,ok,True,0.3,0.235,0.065,0.1,0.25
306,reader_blocked,adaptation,4,31,40,10,10,ok,True,0.2,0.15,0.05,0,0.25
306,sham,adaptation,1,1,10,10,10,ok,True,0.7,0.545,0.155,0.7,0.22184261868682895
306,sham,adaptation,2,11,20,10,10,ok,True,0.9,0.7000000000000001,0.2,1,0.10327819970898755
306,sham,adaptation,3,21,30,10,10,ok,True,0.9,0.7000000000000001,0.2,1,0.10309504198527498
306,sham,adaptation,4,31,40,10,10,ok,True,0.5,0.34500000000000003,0.155,0.7,0.26912789667861187
306,resumed,adaptation,1,1,10,10,10,ok,True,0.7,0.545,0.155,0.7,0.22184261868682895
306,resumed,adaptation,2,11,20,10,10,ok,True,0.9,0.7000000000000001,0.2,1,0.10327819970898755
306,resumed,adaptation,3,21,30,10,10,ok,True,0.9,0.7000000000000001,0.2,1,0.10309504198527498
306,resumed,adaptation,4,31,40,10,10,ok,True,0.5,0.34500000000000003,0.155,0.7,0.26912789667861187
306,generic,acquisition,1,1,10,10,10,ok,True,0.9,0.85,0.05,0,0.1585509430706897
306,generic,acquisition,2,11,20,10,10,ok,True,0.9,0.85,0.05,0,0.10391393807678649
306,generic,acquisition,3,21,30,10,10,ok,True,1,0.9199999999999999,0.08,0.2,0.041861743418514334
306,generic,acquisition,4,31,40,10,10,ok,True,1,0.9349999999999999,0.065,0.1,0.010264508827197465
306,generic,adaptation,1,1,10,10,10,ok,True,0.7,0.545,0.155,0.7,0.22184261868682895
306,generic,adaptation,2,11,20,10,10,ok,True,0.9,0.7000000000000001,0.2,1,0.10327819970898755
306,generic,adaptation,3,21,30,10,10,ok,True,0.9,0.7000000000000001,0.2,1,0.10309504198527498
306,generic,adaptation,4,31,40,10,10,ok,True,0.5,0.34500000000000003,0.155,0.7,0.26912789667861187
307,training,acquisition,1,1,10,10,10,ok,True,1,0.9349999999999999,0.065,0.1,0.09319344454795264
307,training,acquisition,2,11,20,10,10,ok,True,0.9,0.85,0.05,0,0.10334506500616694
307,training,acquisition,3,21,30,10,10,ok,True,0.9,0.85,0.05,0,0.10696369449084735
307,training,acquisition,4,31,40,10,10,ok,True,0.9,0.85,0.05,0,0.10981861665314552
307,updated,adaptation,1,1,10,10,10,ok,True,0.6,0.46,0.14,0.6,0.235086027991527
307,updated,adaptation,2,11,20,10,10,ok,True,0.8,0.63,0.17,0.8,0.1678543349555236
307,updated,adaptation,3,21,30,10,10,ok,True,0.8,0.6000000000000001,0.2,1,0.19515031567734215
307,updated,adaptation,4,31,40,10,10,ok,True,0.8,0.6000000000000001,0.2,1,0.18713766000472185
307,frozen,adaptation,1,1,10,10,10,ok,True,0.1,0.049999999999999996,0.05,0,0.754806025850456
307,frozen,adaptation,2,11,20,10,10,ok,True,0.1,0.049999999999999996,0.05,0,0.754806025850456
307,frozen,adaptation,3,21,30,10,10,ok,True,0,-0.05,0.05,0,0.8378773017822345
307,frozen,adaptation,4,31,40,10,10,ok,True,0.3,0.24999999999999997,0.05,0,0.588663473986899
307,reader_blocked,adaptation,1,1,10,10,10,ok,True,0.1,0.049999999999999996,0.05,0,0.25
307,reader_blocked,adaptation,2,11,20,10,10,ok,True,0.1,0.049999999999999996,0.05,0,0.25
307,reader_blocked,adaptation,3,21,30,10,10,ok,True,0,-0.05,0.05,0,0.25
307,reader_blocked,adaptation,4,31,40,10,10,ok,True,0.3,0.24999999999999997,0.05,0,0.25
307,sham,adaptation,1,1,10,10,10,ok,True,0.6,0.46,0.14,0.6,0.235086027991527
307,sham,adaptation,2,11,20,10,10,ok,True,0.8,0.63,0.17,0.8,0.1678543349555236
307,sham,adaptation,3,21,30,10,10,ok,True,0.8,0.6000000000000001,0.2,1,0.19515031567734215
307,sham,adaptation,4,31,40,10,10,ok,True,0.8,0.6000000000000001,0.2,1,0.18713766000472185
307,resumed,adaptation,1,1,10,10,10,ok,True,0.6,0.46,0.14,0.6,0.235086027991527
307,resumed,adaptation,2,11,20,10,10,ok,True,0.8,0.63,0.17,0.8,0.1678543349555236
307,resumed,adaptation,3,21,30,10,10,ok,True,0.8,0.6000000000000001,0.2,1,0.19515031567734215
307,resumed,adaptation,4,31,40,10,10,ok,True,0.8,0.6000000000000001,0.2,1,0.18713766000472185
307,generic,acquisition,1,1,10,10,10,ok,True,1,0.9349999999999999,0.065,0.1,0.09319344454795264
307,generic,acquisition,2,11,20,10,10,ok,True,0.9,0.85,0.05,0,0.10334506500616694
307,generic,acquisition,3,21,30,10,10,ok,True,0.9,0.85,0.05,0,0.10696369449084735
307,generic,acquisition,4,31,40,10,10,ok,True,0.9,0.85,0.05,0,0.10981861665314552
307,generic,adaptation,1,1,10,10,10,ok,True,0.6,0.46,0.14,0.6,0.235086027991527
307,generic,adaptation,2,11,20,10,10,ok,True,0.8,0.63,0.17,0.8,0.1678543349555236
307,generic,adaptation,3,21,30,10,10,ok,True,0.8,0.6000000000000001,0.2,1,0.19515031567734215
307,generic,adaptation,4,31,40,10,10,ok,True,0.8,0.6000000000000001,0.2,1,0.18713766000472185
308,training,acquisition,1,1,10,10,10,ok,True,0.9,0.85,0.05,0,0.13399692128603996
308,training,acquisition,2,11,20,10,10,ok,True,0.9,0.835,0.065,0.1,0.027076103967037628
308,training,acquisition,3,21,30,10,10,ok,True,1,0.95,0.05,0,3.76467579860413e-05
308,training,acquisition,4,31,40,10,10,ok,True,0.9,0.85,0.05,0,0.11053032081206114
308,updated,adaptation,1,1,10,10,10,ok,True,0.3,0.24999999999999997,0.05,0,0.30236544480978234
308,updated,adaptation,2,11,20,10,10,ok,True,0.7,0.515,0.185,0.9,0.2373740711501146
308,updated,adaptation,3,21,30,10,10,ok,True,0.8,0.615,0.185,0.9,0.11409409913714749
308,updated,adaptation,4,31,40,10,10,ok,True,0.8,0.6000000000000001,0.2,1,0.18080273037653247
308,frozen,adaptation,1,1,10,10,10,ok,True,0.3,0.24999999999999997,0.05,0,0.642861305820886
308,frozen,adaptation,2,11,20,10,10,ok,True,0,-0.065,0.065,0.1,0.8418530337909036
308,frozen,adaptation,3,21,30,10,10,ok,True,0,-0.05,0.05,0,0.9176144819898928
308,frozen,adaptation,4,31,40,10,10,ok,True,0.3,0.24999999999999997,0.05,0,0.642861305820886
308,reader_blocked,adaptation,1,1,10,10,10,ok,True,0.3,0.24999999999999997,0.05,0,0.25
308,reader_blocked,adaptation,2,11,20,10,10,ok,True,0,-0.065,0.065,0.1,0.25
308,reader_blocked,adaptation,3,21,30,10,10,ok,True,0,-0.05,0.05,0,0.25
308,reader_blocked,adaptation,4,31,40,10,10,ok,True,0.3,0.24999999999999997,0.05,0,0.25
308,sham,adaptation,1,1,10,10,10,ok,True,0.3,0.24999999999999997,0.05,0,0.30236544480978234
308,sham,adaptation,2,11,20,10,10,ok,True,0.7,0.515,0.185,0.9,0.2373740711501146
308,sham,adaptation,3,21,30,10,10,ok,True,0.8,0.615,0.185,0.9,0.11409409913714749
308,sham,adaptation,4,31,40,10,10,ok,True,0.8,0.6000000000000001,0.2,1,0.18080273037653247
308,resumed,adaptation,1,1,10,10,10,ok,True,0.3,0.24999999999999997,0.05,0,0.30236544480978234
308,resumed,adaptation,2,11,20,10,10,ok,True,0.7,0.515,0.185,0.9,0.2373740711501146
308,resumed,adaptation,3,21,30,10,10,ok,True,0.8,0.615,0.185,0.9,0.11409409913714749
308,resumed,adaptation,4,31,40,10,10,ok,True,0.8,0.6000000000000001,0.2,1,0.18080273037653247
308,generic,acquisition,1,1,10,10,10,ok,True,0.9,0.85,0.05,0,0.13399692128603996
308,generic,acquisition,2,11,20,10,10,ok,True,0.9,0.835,0.065,0.1,0.027076103967037628
308,generic,acquisition,3,21,30,10,10,ok,True,1,0.95,0.05,0,3.76467579860413e-05
308,generic,acquisition,4,31,40,10,10,ok,True,0.9,0.85,0.05,0,0.11053032081206114
308,generic,adaptation,1,1,10,10,10,ok,True,0.3,0.24999999999999997,0.05,0,0.30236544480978234
308,generic,adaptation,2,11,20,10,10,ok,True,0.7,0.515,0.185,0.9,0.2373740711501146
308,generic,adaptation,3,21,30,10,10,ok,True,0.8,0.615,0.185,0.9,0.11409409913714749
308,generic,adaptation,4,31,40,10,10,ok,True,0.8,0.6000000000000001,0.2,1,0.18080273037653247
309,training,acquisition,1,1,10,10,10,ok,True,1,0.95,0.05,0,0.06864380451068969
309,training,acquisition,2,11,20,10,10,ok,True,1,0.95,0.05,0,0.000791409183784025
309,training,acquisition,3,21,30,10,10,ok,True,1,0.95,0.05,0,9.12432666927928e-06
309,training,acquisition,4,31,40,10,10,ok,True,0.9,0.85,0.05,0,0.10988758003726558
309,updated,adaptation,1,1,10,10,10,ok,True,0.4,0.32,0.08,0.2,0.3634450682432717
309,updated,adaptation,2,11,20,10,10,ok,True,1,0.8,0.2,1,0.028116502327578497
309,updated,adaptation,3,21,30,10,10,ok,True,0.9,0.7000000000000001,0.2,1,0.10736234406449321
309,updated,adaptation,4,31,40,10,10,ok,True,1,0.8,0.2,1,0.0002559748451434466
309,frozen,adaptation,1,1,10,10,10,ok,True,0.3,0.235,0.065,0.1,0.6370298686878347
309,frozen,adaptation,2,11,20,10,10,ok,True,0.3,0.24999999999999997,0.05,0,0.6124602369820058
309,frozen,adaptation,3,21,30,10,10,ok,True,0,-0.05,0.05,0,0.8730987601421322
309,frozen,adaptation,4,31,40,10,10,ok,True,0.1,0.049999999999999996,0.05,0,0.78621925242209
309,reader_blocked,adaptation,1,1,10,10,10,ok,True,0.3,0.235,0.065,0.1,0.25
309,reader_blocked,adaptation,2,11,20,10,10,ok,True,0.3,0.24999999999999997,0.05,0,0.25
309,reader_blocked,adaptation,3,21,30,10,10,ok,True,0,-0.05,0.05,0,0.25
309,reader_blocked,adaptation,4,31,40,10,10,ok,True,0.1,0.049999999999999996,0.05,0,0.25
309,sham,adaptation,1,1,10,10,10,ok,True,0.4,0.32,0.08,0.2,0.3634450682432717
309,sham,adaptation,2,11,20,10,10,ok,True,1,0.8,0.2,1,0.028116502327578497
309,sham,adaptation,3,21,30,10,10,ok,True,0.9,0.7000000000000001,0.2,1,0.10736234406449321
309,sham,adaptation,4,31,40,10,10,ok,True,1,0.8,0.2,1,0.0002559748451434466
309,resumed,adaptation,1,1,10,10,10,ok,True,0.4,0.32,0.08,0.2,0.3634450682432717
309,resumed,adaptation,2,11,20,10,10,ok,True,1,0.8,0.2,1,0.028116502327578497
309,resumed,adaptation,3,21,30,10,10,ok,True,0.9,0.7000000000000001,0.2,1,0.10736234406449321
309,resumed,adaptation,4,31,40,10,10,ok,True,1,0.8,0.2,1,0.0002559748451434466
309,generic,acquisition,1,1,10,10,10,ok,True,1,0.95,0.05,0,0.06864380451068969
309,generic,acquisition,2,11,20,10,10,ok,True,1,0.95,0.05,0,0.000791409183784025
309,generic,acquisition,3,21,30,10,10,ok,True,1,0.95,0.05,0,9.12432666927928e-06
309,generic,acquisition,4,31,40,10,10,ok,True,0.9,0.85,0.05,0,0.10988758003726558
309,generic,adaptation,1,1,10,10,10,ok,True,0.4,0.32,0.08,0.2,0.3634450682432717
309,generic,adaptation,2,11,20,10,10,ok,True,1,0.8,0.2,1,0.028116502327578497
309,generic,adaptation,3,21,30,10,10,ok,True,0.9,0.7000000000000001,0.2,1,0.10736234406449321
309,generic,adaptation,4,31,40,10,10,ok,True,1,0.8,0.2,1,0.0002559748451434466
310,training,acquisition,1,1,10,10,10,ok,True,1,0.9349999999999999,0.065,0.1,0.09319344454795264
310,training,acquisition,2,11,20,10,10,ok,True,0.9,0.835,0.065,0.1,0.12300083770139957
310,training,acquisition,3,21,30,10,10,ok,True,1,0.9199999999999999,0.08,0.2,0.018293678243602115
310,training,acquisition,4,31,40,10,10,ok,True,0.9,0.835,0.065,0.1,0.11188453655153205
310,updated,adaptation,1,1,10,10,10,ok,True,0.6,0.46,0.14,0.6,0.28259161082700524
310,updated,adaptation,2,11,20,10,10,ok,True,1,0.8,0.2,1,0.016206676926474983
310,updated,adaptation,3,21,30,10,10,ok,True,0.5,0.34500000000000003,0.155,0.7,0.3225467579991429
310,updated,adaptation,4,31,40,10,10,ok,True,0.9,0.7000000000000001,0.2,1,0.1274220421992421
310,frozen,adaptation,1,1,10,10,10,ok,True,0.2,0.15,0.05,0,0.6443066456105117
310,frozen,adaptation,2,11,20,10,10,ok,True,0.1,0.049999999999999996,0.05,0,0.723490932886125
310,frozen,adaptation,3,21,30,10,10,ok,True,0.2,0.15,0.05,0,0.6443066456105117
310,frozen,adaptation,4,31,40,10,10,ok,True,0,-0.05,0.05,0,0.8026752201617383
310,reader_blocked,adaptation,1,1,10,10,10,ok,True,0.2,0.15,0.05,0,0.25
310,reader_blocked,adaptation,2,11,20,10,10,ok,True,0.1,0.049999999999999996,0.05,0,0.25
310,reader_blocked,adaptation,3,21,30,10,10,ok,True,0.2,0.15,0.05,0,0.25
310,reader_blocked,adaptation,4,31,40,10,10,ok,True,0,-0.05,0.05,0,0.25
310,sham,adaptation,1,1,10,10,10,ok,True,0.6,0.46,0.14,0.6,0.28259161082700524
310,sham,adaptation,2,11,20,10,10,ok,True,1,0.8,0.2,1,0.016206676926474983
310,sham,adaptation,3,21,30,10,10,ok,True,0.5,0.34500000000000003,0.155,0.7,0.3225467579991429
310,sham,adaptation,4,31,40,10,10,ok,True,0.9,0.7000000000000001,0.2,1,0.1274220421992421
310,resumed,adaptation,1,1,10,10,10,ok,True,0.6,0.46,0.14,0.6,0.28259161082700524
310,resumed,adaptation,2,11,20,10,10,ok,True,1,0.8,0.2,1,0.016206676926474983
310,resumed,adaptation,3,21,30,10,10,ok,True,0.5,0.34500000000000003,0.155,0.7,0.3225467579991429
310,resumed,adaptation,4,31,40,10,10,ok,True,0.9,0.7000000000000001,0.2,1,0.1274220421992421
310,generic,acquisition,1,1,10,10,10,ok,True,1,0.9349999999999999,0.065,0.1,0.09319344454795264
310,generic,acquisition,2,11,20,10,10,ok,True,0.9,0.835,0.065,0.1,0.12300083770139957
310,generic,acquisition,3,21,30,10,10,ok,True,1,0.9199999999999999,0.08,0.2,0.018293678243602115
310,generic,acquisition,4,31,40,10,10,ok,True,0.9,0.835,0.065,0.1,0.11188453655153205
310,generic,adaptation,1,1,10,10,10,ok,True,0.6,0.46,0.14,0.6,0.28259161082700524
310,generic,adaptation,2,11,20,10,10,ok,True,1,0.8,0.2,1,0.016206676926474983
310,generic,adaptation,3,21,30,10,10,ok,True,0.5,0.34500000000000003,0.155,0.7,0.3225467579991429
310,generic,adaptation,4,31,40,10,10,ok,True,0.9,0.7000000000000001,0.2,1,0.1274220421992421
311,training,acquisition,1,1,10,10,10,ok,True,0.9,0.85,0.05,0,0.1552220317106897
311,training,acquisition,2,11,20,10,10,ok,True,1,0.95,0.05,0,0.017670875814422966
311,training,acquisition,3,21,30,10,10,ok,True,1,0.9349999999999999,0.065,0.1,0.02520239468180845
311,training,acquisition,4,31,40,10,10,ok,True,1,0.95,0.05,0,3.670097319151311e-06
311,updated,adaptation,1,1,10,10,10,ok,True,0.5,0.405,0.095,0.3,0.3392927822899631
311,updated,adaptation,2,11,20,10,10,ok,True,0.8,0.6000000000000001,0.2,1,0.16424652516867216
311,updated,adaptation,3,21,30,10,10,ok,True,0.4,0.23,0.17,0.8,0.2734483398303315
311,updated,adaptation,4,31,40,10,10,ok,True,0.9,0.7000000000000001,0.2,1,0.14513201059079964
311,frozen,adaptation,1,1,10,10,10,ok,True,0.4,0.32,0.08,0.2,0.6315290491723186
311,frozen,adaptation,2,11,20,10,10,ok,True,0.2,0.15,0.05,0,0.7993720552894424
311,frozen,adaptation,3,21,30,10,10,ok,True,0.2,0.135,0.065,0.1,0.8153720398789689
311,frozen,adaptation,4,31,40,10,10,ok,True,0.2,0.12000000000000001,0.08,0.2,0.8313720244684953
311,reader_blocked,adaptation,1,1,10,10,10,ok,True,0.4,0.32,0.08,0.2,0.25
311,reader_blocked,adaptation,2,11,20,10,10,ok,True,0.2,0.15,0.05,0,0.25
311,reader_blocked,adaptation,3,21,30,10,10,ok,True,0.2,0.135,0.065,0.1,0.25
311,reader_blocked,adaptation,4,31,40,10,10,ok,True,0.2,0.12000000000000001,0.08,0.2,0.25
311,sham,adaptation,1,1,10,10,10,ok,True,0.5,0.405,0.095,0.3,0.3392927822899631
311,sham,adaptation,2,11,20,10,10,ok,True,0.8,0.6000000000000001,0.2,1,0.16424652516867216
311,sham,adaptation,3,21,30,10,10,ok,True,0.4,0.23,0.17,0.8,0.2734483398303315
311,sham,adaptation,4,31,40,10,10,ok,True,0.9,0.7000000000000001,0.2,1,0.14513201059079964
311,resumed,adaptation,1,1,10,10,10,ok,True,0.5,0.405,0.095,0.3,0.3392927822899631
311,resumed,adaptation,2,11,20,10,10,ok,True,0.8,0.6000000000000001,0.2,1,0.16424652516867216
311,resumed,adaptation,3,21,30,10,10,ok,True,0.4,0.23,0.17,0.8,0.2734483398303315
311,resumed,adaptation,4,31,40,10,10,ok,True,0.9,0.7000000000000001,0.2,1,0.14513201059079964
311,generic,acquisition,1,1,10,10,10,ok,True,0.9,0.85,0.05,0,0.1552220317106897
311,generic,acquisition,2,11,20,10,10,ok,True,1,0.95,0.05,0,0.017670875814422966
311,generic,acquisition,3,21,30,10,10,ok,True,1,0.9349999999999999,0.065,0.1,0.02520239468180845
311,generic,acquisition,4,31,40,10,10,ok,True,1,0.95,0.05,0,3.670097319151311e-06
311,generic,adaptation,1,1,10,10,10,ok,True,0.5,0.405,0.095,0.3,0.3392927822899631
311,generic,adaptation,2,11,20,10,10,ok,True,0.8,0.6000000000000001,0.2,1,0.16424652516867216
311,generic,adaptation,3,21,30,10,10,ok,True,0.4,0.23,0.17,0.8,0.2734483398303315
311,generic,adaptation,4,31,40,10,10,ok,True,0.9,0.7000000000000001,0.2,1,0.14513201059079964
312,training,acquisition,1,1,10,10,10,ok,True,1,0.95,0.05,0,0.06864380451068969
312,training,acquisition,2,11,20,10,10,ok,True,0.9,0.85,0.05,0,0.10782134415202282
312,training,acquisition,3,21,30,10,10,ok,True,0.8,0.735,0.065,0.1,0.1315985406165545
312,training,acquisition,4,31,40,10,10,ok,True,0.8,0.75,0.05,0,0.1954074237797455
312,updated,adaptation,1,1,10,10,10,ok,True,0.4,0.33499999999999996,0.065,0.1,0.3240257371322614
312,updated,adaptation,2,11,20,10,10,ok,True,1,0.8,0.2,1,0.06326213023705163
312,updated,adaptation,3,21,30,10,10,ok,True,0.9,0.7000000000000001,0.2,1,0.10755781113364046
312,updated,adaptation,4,31,40,10,10,ok,True,1,0.8,0.2,1,0.0006189121824368299
312,frozen,adaptation,1,1,10,10,10,ok,True,0.4,0.33499999999999996,0.065,0.1,0.4149740871450832
312,frozen,adaptation,2,11,20,10,10,ok,True,0.2,0.135,0.065,0.1,0.526682350029795
312,frozen,adaptation,3,21,30,10,10,ok,True,0.1,0.049999999999999996,0.05,0,0.5514086257489229
312,frozen,adaptation,4,31,40,10,10,ok,True,0.1,0.049999999999999996,0.05,0,0.5514086257489229
312,reader_blocked,adaptation,1,1,10,10,10,ok,True,0.4,0.33499999999999996,0.065,0.1,0.25
312,reader_blocked,adaptation,2,11,20,10,10,ok,True,0.2,0.135,0.065,0.1,0.25
312,reader_blocked,adaptation,3,21,30,10,10,ok,True,0.1,0.049999999999999996,0.05,0,0.25
312,reader_blocked,adaptation,4,31,40,10,10,ok,True,0.1,0.049999999999999996,0.05,0,0.25
312,sham,adaptation,1,1,10,10,10,ok,True,0.4,0.33499999999999996,0.065,0.1,0.3240257371322614
312,sham,adaptation,2,11,20,10,10,ok,True,1,0.8,0.2,1,0.06326213023705163
312,sham,adaptation,3,21,30,10,10,ok,True,0.9,0.7000000000000001,0.2,1,0.10755781113364046
312,sham,adaptation,4,31,40,10,10,ok,True,1,0.8,0.2,1,0.0006189121824368299
312,resumed,adaptation,1,1,10,10,10,ok,True,0.4,0.33499999999999996,0.065,0.1,0.3240257371322614
312,resumed,adaptation,2,11,20,10,10,ok,True,1,0.8,0.2,1,0.06326213023705163
312,resumed,adaptation,3,21,30,10,10,ok,True,0.9,0.7000000000000001,0.2,1,0.10755781113364046
312,resumed,adaptation,4,31,40,10,10,ok,True,1,0.8,0.2,1,0.0006189121824368299
312,generic,acquisition,1,1,10,10,10,ok,True,1,0.95,0.05,0,0.06864380451068969
312,generic,acquisition,2,11,20,10,10,ok,True,0.9,0.85,0.05,0,0.10782134415202282
312,generic,acquisition,3,21,30,10,10,ok,True,0.8,0.735,0.065,0.1,0.1315985406165545
312,generic,acquisition,4,31,40,10,10,ok,True,0.8,0.75,0.05,0,0.1954074237797455
312,generic,adaptation,1,1,10,10,10,ok,True,0.4,0.33499999999999996,0.065,0.1,0.3240257371322614
312,generic,adaptation,2,11,20,10,10,ok,True,1,0.8,0.2,1,0.06326213023705163
312,generic,adaptation,3,21,30,10,10,ok,True,0.9,0.7000000000000001,0.2,1,0.10755781113364046
312,generic,adaptation,4,31,40,10,10,ok,True,1,0.8,0.2,1,0.0006189121824368299
313,training,acquisition,1,1,10,10,10,ok,True,1,0.9349999999999999,0.065,0.1,0.09319344454795264
313,training,acquisition,2,11,20,10,10,ok,True,1,0.95,0.05,0,0.001236576849662539
313,training,acquisition,3,21,30,10,10,ok,True,1,0.95,0.05,0,1.4256760420748976e-05
313,training,acquisition,4,31,40,10,10,ok,True,1,0.9349999999999999,0.065,0.1,0.016000163290858887
313,updated,adaptation,1,1,10,10,10,ok,True,0.7,0.545,0.155,0.7,0.2321108782316719
313,updated,adaptation,2,11,20,10,10,ok,True,0.6,0.43,0.17,0.8,0.2959301789479911
313,updated,adaptation,3,21,30,10,10,ok,True,0.6,0.43000000000000005,0.17,0.8,0.2339711796530621
313,updated,adaptation,4,31,40,10,10,ok,True,1,0.8,0.2,1,0.02134195682045321
313,frozen,adaptation,1,1,10,10,10,ok,True,0.1,0.049999999999999996,0.05,0,0.8998130880970714
313,frozen,adaptation,2,11,20,10,10,ok,True,0.3,0.24999999999999997,0.05,0,0.6998546264719396
313,frozen,adaptation,3,21,30,10,10,ok,True,0.2,0.15,0.05,0,0.7998338572845055
313,frozen,adaptation,4,31,40,10,10,ok,True,0.4,0.35,0.05,0,0.5998753956593739
313,reader_blocked,adaptation,1,1,10,10,10,ok,True,0.1,0.049999999999999996,0.05,0,0.25
313,reader_blocked,adaptation,2,11,20,10,10,ok,True,0.3,0.24999999999999997,0.05,0,0.25
313,reader_blocked,adaptation,3,21,30,10,10,ok,True,0.2,0.15,0.05,0,0.25
313,reader_blocked,adaptation,4,31,40,10,10,ok,True,0.4,0.35,0.05,0,0.25
313,sham,adaptation,1,1,10,10,10,ok,True,0.7,0.545,0.155,0.7,0.2321108782316719
313,sham,adaptation,2,11,20,10,10,ok,True,0.6,0.43,0.17,0.8,0.2959301789479911
313,sham,adaptation,3,21,30,10,10,ok,True,0.6,0.43000000000000005,0.17,0.8,0.2339711796530621
313,sham,adaptation,4,31,40,10,10,ok,True,1,0.8,0.2,1,0.02134195682045321
313,resumed,adaptation,1,1,10,10,10,ok,True,0.7,0.545,0.155,0.7,0.2321108782316719
313,resumed,adaptation,2,11,20,10,10,ok,True,0.6,0.43,0.17,0.8,0.2959301789479911
313,resumed,adaptation,3,21,30,10,10,ok,True,0.6,0.43000000000000005,0.17,0.8,0.2339711796530621
313,resumed,adaptation,4,31,40,10,10,ok,True,1,0.8,0.2,1,0.02134195682045321
313,generic,acquisition,1,1,10,10,10,ok,True,1,0.9349999999999999,0.065,0.1,0.09319344454795264
313,generic,acquisition,2,11,20,10,10,ok,True,1,0.95,0.05,0,0.001236576849662539
313,generic,acquisition,3,21,30,10,10,ok,True,1,0.95,0.05,0,1.4256760420748976e-05
313,generic,acquisition,4,31,40,10,10,ok,True,1,0.9349999999999999,0.065,0.1,0.016000163290858887
313,generic,adaptation,1,1,10,10,10,ok,True,0.7,0.545,0.155,0.7,0.2321108782316719
313,generic,adaptation,2,11,20,10,10,ok,True,0.6,0.43,0.17,0.8,0.2959301789479911
313,generic,adaptation,3,21,30,10,10,ok,True,0.6,0.43000000000000005,0.17,0.8,0.2339711796530621
313,generic,adaptation,4,31,40,10,10,ok,True,1,0.8,0.2,1,0.02134195682045321
314,training,acquisition,1,1,10,10,10,ok,True,0.8,0.735,0.065,0.1,0.17957736774795263
314,training,acquisition,2,11,20,10,10,ok,True,0.8,0.75,0.05,0,0.16690883170810106
314,training,acquisition,3,21,30,10,10,ok,True,1,0.95,0.05,0,0.0019737180234066336
314,training,acquisition,4,31,40,10,10,ok,True,0.8,0.75,0.05,0,0.20686022308117097
314,updated,adaptation,1,1,10,10,10,ok,True,0.1,0.03499999999999999,0.065,0.1,0.2838813331118781
314,updated,adaptation,2,11,20,10,10,ok,True,0.6,0.41500000000000004,0.185,0.9,0.288132504414124
314,updated,adaptation,3,21,30,10,10,ok,True,0.6,0.4,0.2,1,0.2919065197508804
314,updated,adaptation,4,31,40,10,10,ok,True,0.6,0.43000000000000005,0.17,0.8,0.1781766182351257
314,frozen,adaptation,1,1,10,10,10,ok,True,0.1,0.049999999999999996,0.05,0,0.6722728940615165
314,frozen,adaptation,2,11,20,10,10,ok,True,0.2,0.15,0.05,0,0.5996592781471406
314,frozen,adaptation,3,21,30,10,10,ok,True,0,-0.065,0.065,0.1,0.6863978589783032
314,frozen,adaptation,4,31,40,10,10,ok,True,0.1,0.049999999999999996,0.05,0,0.6722728940615165
314,reader_blocked,adaptation,1,1,10,10,10,ok,True,0.1,0.049999999999999996,0.05,0,0.25
314,reader_blocked,adaptation,2,11,20,10,10,ok,True,0.2,0.15,0.05,0,0.25
314,reader_blocked,adaptation,3,21,30,10,10,ok,True,0,-0.065,0.065,0.1,0.25
314,reader_blocked,adaptation,4,31,40,10,10,ok,True,0.1,0.049999999999999996,0.05,0,0.25
314,sham,adaptation,1,1,10,10,10,ok,True,0.1,0.03499999999999999,0.065,0.1,0.2838813331118781
314,sham,adaptation,2,11,20,10,10,ok,True,0.6,0.41500000000000004,0.185,0.9,0.288132504414124
314,sham,adaptation,3,21,30,10,10,ok,True,0.6,0.4,0.2,1,0.2919065197508804
314,sham,adaptation,4,31,40,10,10,ok,True,0.6,0.43000000000000005,0.17,0.8,0.1781766182351257
314,resumed,adaptation,1,1,10,10,10,ok,True,0.1,0.03499999999999999,0.065,0.1,0.2838813331118781
314,resumed,adaptation,2,11,20,10,10,ok,True,0.6,0.41500000000000004,0.185,0.9,0.288132504414124
314,resumed,adaptation,3,21,30,10,10,ok,True,0.6,0.4,0.2,1,0.2919065197508804
314,resumed,adaptation,4,31,40,10,10,ok,True,0.6,0.43000000000000005,0.17,0.8,0.1781766182351257
314,generic,acquisition,1,1,10,10,10,ok,True,0.8,0.735,0.065,0.1,0.17957736774795263
314,generic,acquisition,2,11,20,10,10,ok,True,0.8,0.75,0.05,0,0.16690883170810106
314,generic,acquisition,3,21,30,10,10,ok,True,1,0.95,0.05,0,0.0019737180234066336
314,generic,acquisition,4,31,40,10,10,ok,True,0.8,0.75,0.05,0,0.20686022308117097
314,generic,adaptation,1,1,10,10,10,ok,True,0.1,0.03499999999999999,0.065,0.1,0.2838813331118781
314,generic,adaptation,2,11,20,10,10,ok,True,0.6,0.41500000000000004,0.185,0.9,0.288132504414124
314,generic,adaptation,3,21,30,10,10,ok,True,0.6,0.4,0.2,1,0.2919065197508804
314,generic,adaptation,4,31,40,10,10,ok,True,0.6,0.43000000000000005,0.17,0.8,0.1781766182351257
315,training,acquisition,1,1,10,10,10,ok,True,1,0.95,0.05,0,0.06864380451068969
315,training,acquisition,2,11,20,10,10,ok,True,0.9,0.85,0.05,0,0.10805623169615426
315,training,acquisition,3,21,30,10,10,ok,True,1,0.95,0.05,0,0.0013958790775288753
315,training,acquisition,4,31,40,10,10,ok,True,1,0.9199999999999999,0.08,0.2,0.04101582282616936
315,updated,adaptation,1,1,10,10,10,ok,True,0.7,0.545,0.155,0.7,0.2316272660430992
315,updated,adaptation,2,11,20,10,10,ok,True,0.6,0.43000000000000005,0.17,0.8,0.23703504409713572
315,updated,adaptation,3,21,30,10,10,ok,True,0.9,0.7000000000000001,0.2,1,0.11292351492496572
315,updated,adaptation,4,31,40,10,10,ok,True,0.9,0.7000000000000001,0.2,1,0.10793506848594232
315,frozen,adaptation,1,1,10,10,10,ok,True,0.2,0.15,0.05,0,0.7979465496872191
315,frozen,adaptation,2,11,20,10,10,ok,True,0.2,0.13499999999999998,0.065,0.1,0.7444432722208127
315,frozen,adaptation,3,21,30,10,10,ok,True,0.2,0.15,0.05,0,0.7979465496872191
315,frozen,adaptation,4,31,40,10,10,ok,True,0.3,0.24999999999999997,0.05,0,0.6982034371987967
315,reader_blocked,adaptation,1,1,10,10,10,ok,True,0.2,0.15,0.05,0,0.25
315,reader_blocked,adaptation,2,11,20,10,10,ok,True,0.2,0.13499999999999998,0.065,0.1,0.25
315,reader_blocked,adaptation,3,21,30,10,10,ok,True,0.2,0.15,0.05,0,0.25
315,reader_blocked,adaptation,4,31,40,10,10,ok,True,0.3,0.24999999999999997,0.05,0,0.25
315,sham,adaptation,1,1,10,10,10,ok,True,0.7,0.545,0.155,0.7,0.2316272660430992
315,sham,adaptation,2,11,20,10,10,ok,True,0.6,0.43000000000000005,0.17,0.8,0.23703504409713572
315,sham,adaptation,3,21,30,10,10,ok,True,0.9,0.7000000000000001,0.2,1,0.11292351492496572
315,sham,adaptation,4,31,40,10,10,ok,True,0.9,0.7000000000000001,0.2,1,0.10793506848594232
315,resumed,adaptation,1,1,10,10,10,ok,True,0.7,0.545,0.155,0.7,0.2316272660430992
315,resumed,adaptation,2,11,20,10,10,ok,True,0.6,0.43000000000000005,0.17,0.8,0.23703504409713572
315,resumed,adaptation,3,21,30,10,10,ok,True,0.9,0.7000000000000001,0.2,1,0.11292351492496572
315,resumed,adaptation,4,31,40,10,10,ok,True,0.9,0.7000000000000001,0.2,1,0.10793506848594232
315,generic,acquisition,1,1,10,10,10,ok,True,1,0.95,0.05,0,0.06864380451068969
315,generic,acquisition,2,11,20,10,10,ok,True,0.9,0.85,0.05,0,0.10805623169615426
315,generic,acquisition,3,21,30,10,10,ok,True,1,0.95,0.05,0,0.0013958790775288753
315,generic,acquisition,4,31,40,10,10,ok,True,1,0.9199999999999999,0.08,0.2,0.04101582282616936
315,generic,adaptation,1,1,10,10,10,ok,True,0.7,0.545,0.155,0.7,0.2316272660430992
315,generic,adaptation,2,11,20,10,10,ok,True,0.6,0.43000000000000005,0.17,0.8,0.23703504409713572
315,generic,adaptation,3,21,30,10,10,ok,True,0.9,0.7000000000000001,0.2,1,0.11292351492496572
315,generic,adaptation,4,31,40,10,10,ok,True,0.9,0.7000000000000001,0.2,1,0.10793506848594232
316,training,acquisition,1,1,10,10,10,ok,True,0.9,0.85,0.05,0,0.1585509430706897
316,training,acquisition,2,11,20,10,10,ok,True,0.9,0.835,0.065,0.1,0.1341728582577298
316,training,acquisition,3,21,30,10,10,ok,True,1,0.95,0.05,0,0.0024373402180460145
316,training,acquisition,4,31,40,10,10,ok,True,1,0.9349999999999999,0.065,0.1,0.0160279162562779
316,updated,adaptation,1,1,10,10,10,ok,True,0.3,0.19,0.11,0.4,0.3950122669367173
316,updated,adaptation,2,11,20,10,10,ok,True,0.2,0.11999999999999998,0.08,0.2,0.23383844331461842
316,updated,adaptation,3,21,30,10,10,ok,True,0.9,0.7150000000000001,0.185,0.9,0.11172893955058823
316,updated,adaptation,4,31,40,10,10,ok,True,0.7,0.5,0.2,1,0.269540667100122
316,frozen,adaptation,1,1,10,10,10,ok,True,0.3,0.22,0.08,0.2,0.7185805489648989
316,frozen,adaptation,2,11,20,10,10,ok,True,0.3,0.24999999999999997,0.05,0,0.6981009176913716
316,frozen,adaptation,3,21,30,10,10,ok,True,0.3,0.235,0.065,0.1,0.7083407333281352
316,frozen,adaptation,4,31,40,10,10,ok,True,0.1,0.049999999999999996,0.05,0,0.8975577959939453
316,reader_blocked,adaptation,1,1,10,10,10,ok,True,0.3,0.22,0.08,0.2,0.25
316,reader_blocked,adaptation,2,11,20,10,10,ok,True,0.3,0.24999999999999997,0.05,0,0.25
316,reader_blocked,adaptation,3,21,30,10,10,ok,True,0.3,0.235,0.065,0.1,0.25
316,reader_blocked,adaptation,4,31,40,10,10,ok,True,0.1,0.049999999999999996,0.05,0,0.25
316,sham,adaptation,1,1,10,10,10,ok,True,0.3,0.19,0.11,0.4,0.3950122669367173
316,sham,adaptation,2,11,20,10,10,ok,True,0.2,0.11999999999999998,0.08,0.2,0.23383844331461842
316,sham,adaptation,3,21,30,10,10,ok,True,0.9,0.7150000000000001,0.185,0.9,0.11172893955058823
316,sham,adaptation,4,31,40,10,10,ok,True,0.7,0.5,0.2,1,0.269540667100122
316,resumed,adaptation,1,1,10,10,10,ok,True,0.3,0.19,0.11,0.4,0.3950122669367173
316,resumed,adaptation,2,11,20,10,10,ok,True,0.2,0.11999999999999998,0.08,0.2,0.23383844331461842
316,resumed,adaptation,3,21,30,10,10,ok,True,0.9,0.7150000000000001,0.185,0.9,0.11172893955058823
316,resumed,adaptation,4,31,40,10,10,ok,True,0.7,0.5,0.2,1,0.269540667100122
316,generic,acquisition,1,1,10,10,10,ok,True,0.9,0.85,0.05,0,0.1585509430706897
316,generic,acquisition,2,11,20,10,10,ok,True,0.9,0.835,0.065,0.1,0.1341728582577298
316,generic,acquisition,3,21,30,10,10,ok,True,1,0.95,0.05,0,0.0024373402180460145
316,generic,acquisition,4,31,40,10,10,ok,True,1,0.9349999999999999,0.065,0.1,0.0160279162562779
316,generic,adaptation,1,1,10,10,10,ok,True,0.3,0.19,0.11,0.4,0.3950122669367173
316,generic,adaptation,2,11,20,10,10,ok,True,0.2,0.11999999999999998,0.08,0.2,0.23383844331461842
316,generic,adaptation,3,21,30,10,10,ok,True,0.9,0.7150000000000001,0.185,0.9,0.11172893955058823
316,generic,adaptation,4,31,40,10,10,ok,True,0.7,0.5,0.2,1,0.269540667100122
317,training,acquisition,1,1,10,10,10,ok,True,1,0.95,0.05,0,0.06864380451068969
317,training,acquisition,2,11,20,10,10,ok,True,0.9,0.85,0.05,0,0.10782134415202282
317,training,acquisition,3,21,30,10,10,ok,True,0.7,0.65,0.05,0,0.2568047306758197
317,training,acquisition,4,31,40,10,10,ok,True,0.8,0.735,0.065,0.1,0.14392920679947802
317,updated,adaptation,1,1,10,10,10,ok,True,0.3,0.24999999999999997,0.05,0,0.3283432391454289
317,updated,adaptation,2,11,20,10,10,ok,True,0.7,0.53,0.17,0.8,0.18154795558266615
317,updated,adaptation,3,21,30,10,10,ok,True,1,0.8,0.2,1,0.009153420682338057
317,updated,adaptation,4,31,40,10,10,ok,True,0.9,0.7000000000000001,0.2,1,0.10880678665049555
317,frozen,adaptation,1,1,10,10,10,ok,True,0.3,0.24999999999999997,0.05,0,0.5587183803216093
317,frozen,adaptation,2,11,20,10,10,ok,True,0.4,0.32,0.08,0.2,0.5502166097444532
317,frozen,adaptation,3,21,30,10,10,ok,True,0.4,0.35,0.05,0,0.48061361660369495
317,frozen,adaptation,4,31,40,10,10,ok,True,0.4,0.33499999999999996,0.065,0.1,0.5154151131740741
317,reader_blocked,adaptation,1,1,10,10,10,ok,True,0.3,0.24999999999999997,0.05,0,0.25
317,reader_blocked,adaptation,2,11,20,10,10,ok,True,0.4,0.32,0.08,0.2,0.25
317,reader_blocked,adaptation,3,21,30,10,10,ok,True,0.4,0.35,0.05,0,0.25
317,reader_blocked,adaptation,4,31,40,10,10,ok,True,0.4,0.33499999999999996,0.065,0.1,0.25
317,sham,adaptation,1,1,10,10,10,ok,True,0.3,0.24999999999999997,0.05,0,0.3283432391454289
317,sham,adaptation,2,11,20,10,10,ok,True,0.7,0.53,0.17,0.8,0.18154795558266615
317,sham,adaptation,3,21,30,10,10,ok,True,1,0.8,0.2,1,0.009153420682338057
317,sham,adaptation,4,31,40,10,10,ok,True,0.9,0.7000000000000001,0.2,1,0.10880678665049555
317,resumed,adaptation,1,1,10,10,10,ok,True,0.3,0.24999999999999997,0.05,0,0.3283432391454289
317,resumed,adaptation,2,11,20,10,10,ok,True,0.7,0.53,0.17,0.8,0.18154795558266615
317,resumed,adaptation,3,21,30,10,10,ok,True,1,0.8,0.2,1,0.009153420682338057
317,resumed,adaptation,4,31,40,10,10,ok,True,0.9,0.7000000000000001,0.2,1,0.10880678665049555
317,generic,acquisition,1,1,10,10,10,ok,True,1,0.95,0.05,0,0.06864380451068969
317,generic,acquisition,2,11,20,10,10,ok,True,0.9,0.85,0.05,0,0.10782134415202282
317,generic,acquisition,3,21,30,10,10,ok,True,0.7,0.65,0.05,0,0.2568047306758197
317,generic,acquisition,4,31,40,10,10,ok,True,0.8,0.735,0.065,0.1,0.14392920679947802
317,generic,adaptation,1,1,10,10,10,ok,True,0.3,0.24999999999999997,0.05,0,0.3283432391454289
317,generic,adaptation,2,11,20,10,10,ok,True,0.7,0.53,0.17,0.8,0.18154795558266615
317,generic,adaptation,3,21,30,10,10,ok,True,1,0.8,0.2,1,0.009153420682338057
317,generic,adaptation,4,31,40,10,10,ok,True,0.9,0.7000000000000001,0.2,1,0.10880678665049555
318,training,acquisition,1,1,10,10,10,ok,True,1,0.9349999999999999,0.065,0.1,0.09319344454795264
318,training,acquisition,2,11,20,10,10,ok,True,0.8,0.75,0.05,0,0.19216582584577446
318,training,acquisition,3,21,30,10,10,ok,True,0.9,0.835,0.065,0.1,0.04436723632557037
318,training,acquisition,4,31,40,10,10,ok,True,1,0.95,0.05,0,0.00015172617843904498
318,updated,adaptation,1,1,10,10,10,ok,True,0.3,0.22,0.08,0.2,0.39286062070872296
318,updated,adaptation,2,11,20,10,10,ok,True,0.4,0.29,0.11,0.4,0.2781762737042453
318,updated,adaptation,3,21,30,10,10,ok,True,0.9,0.7000000000000001,0.2,1,0.15233809683750607
318,updated,adaptation,4,31,40,10,10,ok,True,0.9,0.7000000000000001,0.2,1,0.10007818497638292
318,frozen,adaptation,1,1,10,10,10,ok,True,0.3,0.235,0.065,0.1,0.7235120515218618
318,frozen,adaptation,2,11,20,10,10,ok,True,0.4,0.35,0.05,0,0.5969775003610523
318,frozen,adaptation,3,21,30,10,10,ok,True,0.2,0.135,0.065,0.1,0.8230072397699336
318,frozen,adaptation,4,31,40,10,10,ok,True,0.3,0.235,0.065,0.1,0.7235120515218618
318,reader_blocked,adaptation,1,1,10,10,10,ok,True,0.3,0.235,0.065,0.1,0.25
318,reader_blocked,adaptation,2,11,20,10,10,ok,True,0.4,0.35,0.05,0,0.25
318,reader_blocked,adaptation,3,21,30,10,10,ok,True,0.2,0.135,0.065,0.1,0.25
318,reader_blocked,adaptation,4,31,40,10,10,ok,True,0.3,0.235,0.065,0.1,0.25
318,sham,adaptation,1,1,10,10,10,ok,True,0.3,0.22,0.08,0.2,0.39286062070872296
318,sham,adaptation,2,11,20,10,10,ok,True,0.4,0.29,0.11,0.4,0.2781762737042453
318,sham,adaptation,3,21,30,10,10,ok,True,0.9,0.7000000000000001,0.2,1,0.15233809683750607
318,sham,adaptation,4,31,40,10,10,ok,True,0.9,0.7000000000000001,0.2,1,0.10007818497638292
318,resumed,adaptation,1,1,10,10,10,ok,True,0.3,0.22,0.08,0.2,0.39286062070872296
318,resumed,adaptation,2,11,20,10,10,ok,True,0.4,0.29,0.11,0.4,0.2781762737042453
318,resumed,adaptation,3,21,30,10,10,ok,True,0.9,0.7000000000000001,0.2,1,0.15233809683750607
318,resumed,adaptation,4,31,40,10,10,ok,True,0.9,0.7000000000000001,0.2,1,0.10007818497638292
318,generic,acquisition,1,1,10,10,10,ok,True,1,0.9349999999999999,0.065,0.1,0.09319344454795264
318,generic,acquisition,2,11,20,10,10,ok,True,0.8,0.75,0.05,0,0.19216582584577446
318,generic,acquisition,3,21,30,10,10,ok,True,0.9,0.835,0.065,0.1,0.04436723632557037
318,generic,acquisition,4,31,40,10,10,ok,True,1,0.95,0.05,0,0.00015172617843904498
318,generic,adaptation,1,1,10,10,10,ok,True,0.3,0.22,0.08,0.2,0.39286062070872296
318,generic,adaptation,2,11,20,10,10,ok,True,0.4,0.29,0.11,0.4,0.2781762737042453
318,generic,adaptation,3,21,30,10,10,ok,True,0.9,0.7000000000000001,0.2,1,0.15233809683750607
318,generic,adaptation,4,31,40,10,10,ok,True,0.9,0.7000000000000001,0.2,1,0.10007818497638292
319,training,acquisition,1,1,10,10,10,ok,True,0.9,0.835,0.065,0.1,0.09319344454795264
319,training,acquisition,2,11,20,10,10,ok,True,0.9,0.85,0.05,0,0.10783808883012534
319,training,acquisition,3,21,30,10,10,ok,True,1,0.95,0.05,0,0.001452877303548816
319,training,acquisition,4,31,40,10,10,ok,True,0.9,0.835,0.065,0.1,0.13974145683868863
319,updated,adaptation,1,1,10,10,10,ok,True,0.3,0.17500000000000002,0.125,0.5,0.32406250335539216
319,updated,adaptation,2,11,20,10,10,ok,True,1,0.8,0.2,1,0.04836276576359378
319,updated,adaptation,3,21,30,10,10,ok,True,0.8,0.615,0.185,0.9,0.11458721034857
319,updated,adaptation,4,31,40,10,10,ok,True,0.8,0.615,0.185,0.9,0.11221222197959002
319,frozen,adaptation,1,1,10,10,10,ok,True,0.2,0.15,0.05,0,0.5682592503540227
319,frozen,adaptation,2,11,20,10,10,ok,True,0.3,0.22,0.08,0.2,0.5413616019751688
319,frozen,adaptation,3,21,30,10,10,ok,True,0.3,0.235,0.065,0.1,0.5209152580879702
319,frozen,adaptation,4,31,40,10,10,ok,True,0.2,0.135,0.065,0.1,0.5887055942412213
319,reader_blocked,adaptation,1,1,10,10,10,ok,True,0.2,0.15,0.05,0,0.25
319,reader_blocked,adaptation,2,11,20,10,10,ok,True,0.3,0.22,0.08,0.2,0.25
319,reader_blocked,adaptation,3,21,30,10,10,ok,True,0.3,0.235,0.065,0.1,0.25
319,reader_blocked,adaptation,4,31,40,10,10,ok,True,0.2,0.135,0.065,0.1,0.25
319,sham,adaptation,1,1,10,10,10,ok,True,0.3,0.17500000000000002,0.125,0.5,0.32406250335539216
319,sham,adaptation,2,11,20,10,10,ok,True,1,0.8,0.2,1,0.04836276576359378
319,sham,adaptation,3,21,30,10,10,ok,True,0.8,0.615,0.185,0.9,0.11458721034857
319,sham,adaptation,4,31,40,10,10,ok,True,0.8,0.615,0.185,0.9,0.11221222197959002
319,resumed,adaptation,1,1,10,10,10,ok,True,0.3,0.17500000000000002,0.125,0.5,0.32406250335539216
319,resumed,adaptation,2,11,20,10,10,ok,True,1,0.8,0.2,1,0.04836276576359378
319,resumed,adaptation,3,21,30,10,10,ok,True,0.8,0.615,0.185,0.9,0.11458721034857
319,resumed,adaptation,4,31,40,10,10,ok,True,0.8,0.615,0.185,0.9,0.11221222197959002
319,generic,acquisition,1,1,10,10,10,ok,True,0.9,0.835,0.065,0.1,0.09319344454795264
319,generic,acquisition,2,11,20,10,10,ok,True,0.9,0.85,0.05,0,0.10783808883012534
319,generic,acquisition,3,21,30,10,10,ok,True,1,0.95,0.05,0,0.001452877303548816
319,generic,acquisition,4,31,40,10,10,ok,True,0.9,0.835,0.065,0.1,0.13974145683868863
319,generic,adaptation,1,1,10,10,10,ok,True,0.3,0.17500000000000002,0.125,0.5,0.32406250335539216
319,generic,adaptation,2,11,20,10,10,ok,True,1,0.8,0.2,1,0.04836276576359378
319,generic,adaptation,3,21,30,10,10,ok,True,0.8,0.615,0.185,0.9,0.11458721034857
319,generic,adaptation,4,31,40,10,10,ok,True,0.8,0.615,0.185,0.9,0.11221222197959002
