seed,condition,phase,tool,status,error,verify_valid,trials_planned,trials_completed,predicted_execution_success,observed_success_rate,brier_mean,snapshot_hash,model_hash,model_version
300,training,acquisition,fast,ok,,True,100,100,0.8718701925785366,0.95,0.053604266807714955,b55410d52082a93371c6424e8c0006c40c39cb4fb2dd6def023875741fb727bd,e7eafa4b3476ef36de2013f5a4f22f6043df55c6a7722873fdc31766dcb6bad8,40
300,training,acquisition,safe,ok,,True,100,100,0.744,0.87,0.128976,b55410d52082a93371c6424e8c0006c40c39cb4fb2dd6def023875741fb727bd,e7eafa4b3476ef36de2013f5a4f22f6043df55c6a7722873fdc31766dcb6bad8,40
300,updated,adaptation,fast,ok,,True,100,100,0.2940915397633079,0.26,0.19356223308343318,33f19868b36106c9cd75205d60829167222b5ccb20357c21e2b40481bde89022,99ca021bb2a1470365214a956aaf9709d70286832691f783b1caa077e2571711,80
300,updated,adaptation,safe,ok,,True,100,100,0.6122936488677164,0.88,0.1772666904365615,33f19868b36106c9cd75205d60829167222b5ccb20357c21e2b40481bde89022,99ca021bb2a1470365214a956aaf9709d70286832691f783b1caa077e2571711,80
300,frozen,adaptation,fast,ok,,True,100,100,0.8718701925785366,0.26,0.5667851325660954,4f1f813477d6abfe5ba21d1f09c385efd227740407d29e80ed866b81f7593901,e7eafa4b3476ef36de2013f5a4f22f6043df55c6a7722873fdc31766dcb6bad8,40
300,frozen,adaptation,safe,ok,,True,100,100,0.744,0.88,0.124096,4f1f813477d6abfe5ba21d1f09c385efd227740407d29e80ed866b81f7593901,e7eafa4b3476ef36de2013f5a4f22f6043df55c6a7722873fdc31766dcb6bad8,40
300,reader_blocked,adaptation,fast,ok,,True,100,100,0.03838361115379176,0.26,0.24151382380523378,0dee9e9c5b4abd9f438a9c64dacc1a48b70b5a27f41c518d7a0b54a55d32cbfc,d4eb7885fea57c68c916987d88497a8098248d456797d48a2f5b4354495cfe27,80
300,reader_blocked,adaptation,safe,ok,,True,100,100,0.83616,0.88,0.1075219456,0dee9e9c5b4abd9f438a9c64dacc1a48b70b5a27f41c518d7a0b54a55d32cbfc,d4eb7885fea57c68c916987d88497a8098248d456797d48a2f5b4354495cfe27,80
300,sham,adaptation,fast,ok,,True,100,100,0.2940915397633079,0.26,0.19356223308343318,55ae8f6098c0d307ec2788ac7621f3c0e020960268344385e39ea9e346efe40a,96a681f2a895a3143d9da72e3436ef7983ff1e73476c22ef4d87ae0c17775d96,80
300,sham,adaptation,safe,ok,,True,100,100,0.6122936488677164,0.88,0.1772666904365615,55ae8f6098c0d307ec2788ac7621f3c0e020960268344385e39ea9e346efe40a,96a681f2a895a3143d9da72e3436ef7983ff1e73476c22ef4d87ae0c17775d96,80
300,resumed,adaptation,fast,ok,,True,100,100,0.2940915397633079,0.26,0.19356223308343318,33f19868b36106c9cd75205d60829167222b5ccb20357c21e2b40481bde89022,99ca021bb2a1470365214a956aaf9709d70286832691f783b1caa077e2571711,80
300,resumed,adaptation,safe,ok,,True,100,100,0.6122936488677164,0.88,0.1772666904365615,33f19868b36106c9cd75205d60829167222b5ccb20357c21e2b40481bde89022,99ca021bb2a1470365214a956aaf9709d70286832691f783b1caa077e2571711,80
300,generic,acquisition,fast,ok,,True,100,100,0.8718701925785366,0.95,0.053604266807714955,4aa259c72e9ab56ec41e2ba275b3dac0b3941f671609aeaba7703a10d44064d4,ca84f5621e12308e9f00dafa71ed66553b8747a0018b53a5549ddfca73a6c0c7,40
300,generic,acquisition,safe,ok,,True,100,100,0.744,0.87,0.128976,4aa259c72e9ab56ec41e2ba275b3dac0b3941f671609aeaba7703a10d44064d4,ca84f5621e12308e9f00dafa71ed66553b8747a0018b53a5549ddfca73a6c0c7,40
300,generic,adaptation,fast,ok,,True,100,100,0.2940915397633079,0.26,0.19356223308343318,bf1e56a86b3cc5b85afbd489aca29f0692032898918da9a49266b17c8a4823b4,0bd65c7e7e4888b7704aa625fb40282781b8f2cb34f33eafdc273fce80f20c48,80
300,generic,adaptation,safe,ok,,True,100,100,0.6122936488677164,0.88,0.1772666904365615,bf1e56a86b3cc5b85afbd489aca29f0692032898918da9a49266b17c8a4823b4,0bd65c7e7e4888b7704aa625fb40282781b8f2cb34f33eafdc273fce80f20c48,80
301,training,acquisition,fast,ok,,True,100,100,0.852087116578939,0.92,0.07821215973456262,be47b38edcfd68628a498dabced7571a126643c03ef12e0be1f93a8a828f27bd,606b88bd34b7683ef81f0289d406a7b9d6f1fa92533313d617c9665c3889d8d7,40
301,training,acquisition,safe,ok,,True,100,100,0.6,0.84,0.19200000000000003,be47b38edcfd68628a498dabced7571a126643c03ef12e0be1f93a8a828f27bd,606b88bd34b7683ef81f0289d406a7b9d6f1fa92533313d617c9665c3889d8d7,40
301,updated,adaptation,fast,ok,,True,100,100,0.2747975663847917,0.26,0.19261896797091232,2b29be369ee872ebfcecd0c07bcf2210e1ca27d4e4cb32e830cf82cc19b1b28f,f52d9694edfedfcdded340e11c77c2064e4d3d5bb76cadfe8da46e94d1e1a3f6,80
301,updated,adaptation,safe,ok,,True,100,100,0.9837275715703162,0.86,0.1357085119666877,2b29be369ee872ebfcecd0c07bcf2210e1ca27d4e4cb32e830cf82cc19b1b28f,f52d9694edfedfcdded340e11c77c2064e4d3d5bb76cadfe8da46e94d1e1a3f6,80
301,frozen,adaptation,fast,ok,,True,100,100,0.852087116578939,0.26,0.5429671536187621,b53c350647885ea3da4bd998db72ae19a37012379fe5ed9efb9d896b3bfefc1e,606b88bd34b7683ef81f0289d406a7b9d6f1fa92533313d617c9665c3889d8d7,40
301,frozen,adaptation,safe,ok,,True,100,100,0.6,0.86,0.18800000000000003,b53c350647885ea3da4bd998db72ae19a37012379fe5ed9efb9d896b3bfefc1e,606b88bd34b7683ef81f0289d406a7b9d6f1fa92533313d617c9665c3889d8d7,40
301,reader_blocked,adaptation,fast,ok,,True,100,100,0.24904225253148882,0.26,0.19252007222958367,8620e29b75e86fce0beecfbc4f46058e4e59920bb1db0b871dd9e441e15d849b,25dffbe965ddaa27b53d0956e593fcbe5588d11390354d2264e8ae8b0f06b25d,80
301,reader_blocked,adaptation,safe,ok,,True,100,100,0.584,0.86,0.19657600000000003,8620e29b75e86fce0beecfbc4f46058e4e59920bb1db0b871dd9e441e15d849b,25dffbe965ddaa27b53d0956e593fcbe5588d11390354d2264e8ae8b0f06b25d,80
301,sham,adaptation,fast,ok,,True,100,100,0.2747975663847917,0.26,0.19261896797091232,a98e62a95d61228ce87f171c67652d7432edcd6b29907107f96ad2cd7989262e,86c9da16e142ff9d8ee3750c2b7fedb03e75879089227ba18a9d5aee01fc34c1,80
301,sham,adaptation,safe,ok,,True,100,100,0.9837275715703162,0.86,0.1357085119666877,a98e62a95d61228ce87f171c67652d7432edcd6b29907107f96ad2cd7989262e,86c9da16e142ff9d8ee3750c2b7fedb03e75879089227ba18a9d5aee01fc34c1,80
301,resumed,adaptation,fast,ok,,True,100,100,0.2747975663847917,0.26,0.19261896797091232,2b29be369ee872ebfcecd0c07bcf2210e1ca27d4e4cb32e830cf82cc19b1b28f,f52d9694edfedfcdded340e11c77c2064e4d3d5bb76cadfe8da46e94d1e1a3f6,80
301,resumed,adaptation,safe,ok,,True,100,100,0.9837275715703162,0.86,0.1357085119666877,2b29be369ee872ebfcecd0c07bcf2210e1ca27d4e4cb32e830cf82cc19b1b28f,f52d9694edfedfcdded340e11c77c2064e4d3d5bb76cadfe8da46e94d1e1a3f6,80
301,generic,acquisition,fast,ok,,True,100,100,0.852087116578939,0.92,0.07821215973456262,a0b9d2c64e37ffcf1f6c83f424c97ff332e0172c74d3649a245765fe4dfdbe31,50e60a0f6384d4c5adf48666201432e9deb63e2ff14cfb8807206449767c4d3d,40
301,generic,acquisition,safe,ok,,True,100,100,0.6,0.84,0.19200000000000003,a0b9d2c64e37ffcf1f6c83f424c97ff332e0172c74d3649a245765fe4dfdbe31,50e60a0f6384d4c5adf48666201432e9deb63e2ff14cfb8807206449767c4d3d,40
301,generic,adaptation,fast,ok,,True,100,100,0.2747975663847917,0.26,0.19261896797091232,f16f50ca6d466eb0e0107f34868656423c789917dfae3bb06ea6083e4fe7651d,3b34ccd6a18c41ebf22f3f8a7215e4729d0ea1acf0737673b0b7a52b0b77896d,80
301,generic,adaptation,safe,ok,,True,100,100,0.9837275715703162,0.86,0.1357085119666877,f16f50ca6d466eb0e0107f34868656423c789917dfae3bb06ea6083e4fe7651d,3b34ccd6a18c41ebf22f3f8a7215e4729d0ea1acf0737673b0b7a52b0b77896d,80
302,training,acquisition,fast,ok,,True,100,100,0.9994103196416868,0.93,0.06991779247276114,ecb62f4def746a651a617edaa4c7c9011bea3b6c551089631d2d1a895775a9fe,47872fca77f1f11c9a5fe7cc44b3a0162fe4079db39f0df77e3936d69d304e5e,40
302,training,acquisition,safe,ok,,True,100,100,0.6361600000000001,0.9,0.15961154559999996,ecb62f4def746a651a617edaa4c7c9011bea3b6c551089631d2d1a895775a9fe,47872fca77f1f11c9a5fe7cc44b3a0162fe4079db39f0df77e3936d69d304e5e,40
302,updated,adaptation,fast,ok,,True,100,100,0.32748677354018796,0.19,0.17280261289849094,62791d66bccacdc0b4961f8dec2e439e677021f759051f51f946f4a2557b5fa7,6c4dbea2e8221e02a56883ec9a55e63f324453f0ed420f66ee8bc5d5bb645185,80
302,updated,adaptation,safe,ok,,True,100,100,0.9543583873874623,0.87,0.12021633752261315,62791d66bccacdc0b4961f8dec2e439e677021f759051f51f946f4a2557b5fa7,6c4dbea2e8221e02a56883ec9a55e63f324453f0ed420f66ee8bc5d5bb645185,80
302,frozen,adaptation,fast,ok,,True,100,100,0.9994103196416868,0.19,0.8090450655424576,d88f0d092d679fdda4ae344aebf776a2a4f62717b554d538961b3429f4b3b542,47872fca77f1f11c9a5fe7cc44b3a0162fe4079db39f0df77e3936d69d304e5e,40
302,frozen,adaptation,safe,ok,,True,100,100,0.6361600000000001,0.87,0.16778114559999996,d88f0d092d679fdda4ae344aebf776a2a4f62717b554d538961b3429f4b3b542,47872fca77f1f11c9a5fe7cc44b3a0162fe4079db39f0df77e3936d69d304e5e,40
302,reader_blocked,adaptation,fast,ok,,True,100,100,0.0018542025588424288,0.19,0.1892988410947691,02d7b59a67cc0d818d4a0ed38c909b2691ea0903a08cd4046e90a25b9c1cfbcb,dd319f2ed1df3c07b5a37430975c2f877d2b90853ed0ce7ebef8f0ce715a1995,80
302,reader_blocked,adaptation,safe,ok,,True,100,100,0.708928,0.87,0.139044189184,02d7b59a67cc0d818d4a0ed38c909b2691ea0903a08cd4046e90a25b9c1cfbcb,dd319f2ed1df3c07b5a37430975c2f877d2b90853ed0ce7ebef8f0ce715a1995,80
302,sham,adaptation,fast,ok,,True,100,100,0.32748677354018796,0.19,0.17280261289849094,907fd12431e81c89197c5683d757eb4dadeaac25fcac3e543644aa04a8f75b02,33074d239d630b38ac6910b30027e90bb34ea22eca858351a23f4c3fca8fa85e,80
302,sham,adaptation,safe,ok,,True,100,100,0.9543583873874623,0.87,0.12021633752261315,907fd12431e81c89197c5683d757eb4dadeaac25fcac3e543644aa04a8f75b02,33074d239d630b38ac6910b30027e90bb34ea22eca858351a23f4c3fca8fa85e,80
302,resumed,adaptation,fast,ok,,True,100,100,0.32748677354018796,0.19,0.17280261289849094,62791d66bccacdc0b4961f8dec2e439e677021f759051f51f946f4a2557b5fa7,6c4dbea2e8221e02a56883ec9a55e63f324453f0ed420f66ee8bc5d5bb645185,80
302,resumed,adaptation,safe,ok,,True,100,100,0.9543583873874623,0.87,0.12021633752261315,62791d66bccacdc0b4961f8dec2e439e677021f759051f51f946f4a2557b5fa7,6c4dbea2e8221e02a56883ec9a55e63f324453f0ed420f66ee8bc5d5bb645185,80
302,generic,acquisition,fast,ok,,True,100,100,0.9994103196416868,0.93,0.06991779247276114,009e8583039000d7df0519f1f3b692465a47f201848f77587a70aaf78aaad876,7a3588b4fcf50d213966d55fdcd8bbba4cf18be079962824fc2ab7af9d58c5d8,40
302,generic,acquisition,safe,ok,,True,100,100,0.6361600000000001,0.9,0.15961154559999996,009e8583039000d7df0519f1f3b692465a47f201848f77587a70aaf78aaad876,7a3588b4fcf50d213966d55fdcd8bbba4cf18be079962824fc2ab7af9d58c5d8,40
302,generic,adaptation,fast,ok,,True,100,100,0.32748677354018796,0.19,0.17280261289849094,a9cc7eab74306da3f183d0b8eba85faaf8ffbd186cdfd9096b1cc6c69d676d9a,9d6e4f71bbaf890fdd4a67045483593091a0e97d77d7ec0a4233c544563af9c0,80
302,generic,adaptation,safe,ok,,True,100,100,0.9543583873874623,0.87,0.12021633752261315,a9cc7eab74306da3f183d0b8eba85faaf8ffbd186cdfd9096b1cc6c69d676d9a,9d6e4f71bbaf890fdd4a67045483593091a0e97d77d7ec0a4233c544563af9c0,80
303,training,acquisition,fast,ok,,True,100,100,0.9579271525785366,0.94,0.05672138279957413,4e85d5373785612a6bf28c3c619a2710b52aedfad8f93650c4de27c30dc6cb2b,cad022f706ed347a65b90be22d48bd6fc04cc613d7e725a61c03688d997940fe,40
303,training,acquisition,safe,ok,,True,100,100,0.744,0.85,0.138736,4e85d5373785612a6bf28c3c619a2710b52aedfad8f93650c4de27c30dc6cb2b,cad022f706ed347a65b90be22d48bd6fc04cc613d7e725a61c03688d997940fe,40
303,updated,adaptation,fast,ok,,True,100,100,0.31389356935693485,0.23,0.1841381309794468,2198b93171703554dfdbf15b0cca226fedf92232c0c45e33911c3d12cb1b6b3f,305c2f6ff99f028c25e0e52703219d91f5ea3b830b7334ad28d5d8894ae2ec05,80
303,updated,adaptation,safe,ok,,True,100,100,0.8249601974111982,0.88,0.10862937986901428,2198b93171703554dfdbf15b0cca226fedf92232c0c45e33911c3d12cb1b6b3f,305c2f6ff99f028c25e0e52703219d91f5ea3b830b7334ad28d5d8894ae2ec05,80
303,frozen,adaptation,fast,ok,,True,100,100,0.9579271525785366,0.23,0.7069779394610961,d91fd632e91d89f996ddd02d89b2c2579687a988b6bf0da0abc829d810316f3c,cad022f706ed347a65b90be22d48bd6fc04cc613d7e725a61c03688d997940fe,40
303,frozen,adaptation,safe,ok,,True,100,100,0.744,0.88,0.124096,d91fd632e91d89f996ddd02d89b2c2579687a988b6bf0da0abc829d810316f3c,cad022f706ed347a65b90be22d48bd6fc04cc613d7e725a61c03688d997940fe,40
303,reader_blocked,adaptation,fast,ok,,True,100,100,0.023160596772890826,0.23,0.21988253872734667,6734d7a73289482ac21dc907d0c75830483629dd96aa168bf5d887b7df66bd31,ff982b99fdd957aa81862a9ca518c6454784a9dd789e5a697264fbfcb59afa3d,80
303,reader_blocked,adaptation,safe,ok,,True,100,100,0.83616,0.88,0.1075219456,6734d7a73289482ac21dc907d0c75830483629dd96aa168bf5d887b7df66bd31,ff982b99fdd957aa81862a9ca518c6454784a9dd789e5a697264fbfcb59afa3d,80
303,sham,adaptation,fast,ok,,True,100,100,0.31389356935693485,0.23,0.1841381309794468,072f64b6a3b5b173545c36f3f259932b0e4ad08259859773fa84ed55b74aa3d5,662d81664795067dfa1c8bffeca69401774ede96dd4b47d526a9a17e3c3d68b9,80
303,sham,adaptation,safe,ok,,True,100,100,0.8249601974111982,0.88,0.10862937986901428,072f64b6a3b5b173545c36f3f259932b0e4ad08259859773fa84ed55b74aa3d5,662d81664795067dfa1c8bffeca69401774ede96dd4b47d526a9a17e3c3d68b9,80
303,resumed,adaptation,fast,ok,,True,100,100,0.31389356935693485,0.23,0.1841381309794468,2198b93171703554dfdbf15b0cca226fedf92232c0c45e33911c3d12cb1b6b3f,305c2f6ff99f028c25e0e52703219d91f5ea3b830b7334ad28d5d8894ae2ec05,80
303,resumed,adaptation,safe,ok,,True,100,100,0.8249601974111982,0.88,0.10862937986901428,2198b93171703554dfdbf15b0cca226fedf92232c0c45e33911c3d12cb1b6b3f,305c2f6ff99f028c25e0e52703219d91f5ea3b830b7334ad28d5d8894ae2ec05,80
303,generic,acquisition,fast,ok,,True,100,100,0.9579271525785366,0.94,0.05672138279957413,46237f26f5f89185f6a747c22c82412ce80466db9b333180913df30ac07b5eec,198c342a6756a9db3d233b5b362347a4814e32c64eb9b44c651c2d4bcdada497,40
303,generic,acquisition,safe,ok,,True,100,100,0.744,0.85,0.138736,46237f26f5f89185f6a747c22c82412ce80466db9b333180913df30ac07b5eec,198c342a6756a9db3d233b5b362347a4814e32c64eb9b44c651c2d4bcdada497,40
303,generic,adaptation,fast,ok,,True,100,100,0.31389356935693485,0.23,0.1841381309794468,347301a844d067720bb1998490d53fcd2123f80e5a68545c2cef13724f173c55,b5309b3118baf2ee616693a6ab9d4ff3545710be0d9ca4c9088f7a0a2996056f,80
303,generic,adaptation,safe,ok,,True,100,100,0.8249601974111982,0.88,0.10862937986901428,347301a844d067720bb1998490d53fcd2123f80e5a68545c2cef13724f173c55,b5309b3118baf2ee616693a6ab9d4ff3545710be0d9ca4c9088f7a0a2996056f,80
304,training,acquisition,fast,ok,,True,100,100,0.7999335386002107,0.93,0.08201728438106289,e9cae3bd2967f81398428af8b64480b3d36b084796783a982555448cbdab5d1c,1a66fe2c427550a49b6c0997da3a277b2ae6f0ff2beebb337b76bc991261baf1,40
304,training,acquisition,safe,ok,,True,100,100,0.5,0.88,0.25,e9cae3bd2967f81398428af8b64480b3d36b084796783a982555448cbdab5d1c,1a66fe2c427550a49b6c0997da3a277b2ae6f0ff2beebb337b76bc991261baf1,40
304,updated,adaptation,fast,ok,,True,100,100,0.15979406210192057,0.17,0.14120416116837944,dddde2f67a94df823e0898b4c859aefb1735a520fe8ced34e00d0b3416473d13,eefeeeee89b3a9af8a227e1d514498940d1d572f5e8d5114661591a9fa37ba7e,80
304,updated,adaptation,safe,ok,,True,100,100,0.7969067109542207,0.91,0.09469009202719217,dddde2f67a94df823e0898b4c859aefb1735a520fe8ced34e00d0b3416473d13,eefeeeee89b3a9af8a227e1d514498940d1d572f5e8d5114661591a9fa37ba7e,80
304,frozen,adaptation,fast,ok,,True,100,100,0.7999335386002107,0.17,0.537916263053383,f8beef80779150fdc435a8729f148c5d8a76c7ad6b1c9f82a827d76c117ea184,1a66fe2c427550a49b6c0997da3a277b2ae6f0ff2beebb337b76bc991261baf1,40
304,frozen,adaptation,safe,ok,,True,100,100,0.5,0.91,0.25,f8beef80779150fdc435a8729f148c5d8a76c7ad6b1c9f82a827d76c117ea184,1a66fe2c427550a49b6c0997da3a277b2ae6f0ff2beebb337b76bc991261baf1,40
304,reader_blocked,adaptation,fast,ok,,True,100,100,0.25285008418495575,0.17,0.14796413644945425,15fffea5d7a91b0b9838f1edcb9cb4b7db8ee7e73948d74394965b6bab54456b,1a87eb835016a92311a5a5257d19c7051f7e810de37c84ee0ec0feb10ef0ed79,80
304,reader_blocked,adaptation,safe,ok,,True,100,100,0.6928,0.91,0.12907584,15fffea5d7a91b0b9838f1edcb9cb4b7db8ee7e73948d74394965b6bab54456b,1a87eb835016a92311a5a5257d19c7051f7e810de37c84ee0ec0feb10ef0ed79,80
304,sham,adaptation,fast,ok,,True,100,100,0.15979406210192057,0.17,0.14120416116837944,6cabdc4d80d311e3cf13df48c9e3202350c5cc6bf1a325f69052614d56549bd0,d34eb70c4d8340591f941ff77e04b088382574bee49abedd105ff6819e5757f5,80
304,sham,adaptation,safe,ok,,True,100,100,0.7969067109542207,0.91,0.09469009202719217,6cabdc4d80d311e3cf13df48c9e3202350c5cc6bf1a325f69052614d56549bd0,d34eb70c4d8340591f941ff77e04b088382574bee49abedd105ff6819e5757f5,80
304,resumed,adaptation,fast,ok,,True,100,100,0.15979406210192057,0.17,0.14120416116837944,dddde2f67a94df823e0898b4c859aefb1735a520fe8ced34e00d0b3416473d13,eefeeeee89b3a9af8a227e1d514498940d1d572f5e8d5114661591a9fa37ba7e,80
304,resumed,adaptation,safe,ok,,True,100,100,0.7969067109542207,0.91,0.09469009202719217,dddde2f67a94df823e0898b4c859aefb1735a520fe8ced34e00d0b3416473d13,eefeeeee89b3a9af8a227e1d514498940d1d572f5e8d5114661591a9fa37ba7e,80
304,generic,acquisition,fast,ok,,True,100,100,0.7999335386002107,0.93,0.08201728438106289,a781f34e1cef8538ddaef75f492df092fd7926c3271e6963abdefefd6859af65,9ec13875ecb01689032d08d1725fbcad6ea363f3dc7b5bedcfd17ac746a50430,40
304,generic,acquisition,safe,ok,,True,100,100,0.5,0.88,0.25,a781f34e1cef8538ddaef75f492df092fd7926c3271e6963abdefefd6859af65,9ec13875ecb01689032d08d1725fbcad6ea363f3dc7b5bedcfd17ac746a50430,40
304,generic,adaptation,fast,ok,,True,100,100,0.15979406210192057,0.17,0.14120416116837944,f44c2ca8e9ca439d75f4b9cb7cca743be47661392b8188dd0a04eaa4327f7080,b4951a126c895f926e00c97033e06acda04a8e202412fa8e206cb0266553551f,80
304,generic,adaptation,safe,ok,,True,100,100,0.7969067109542207,0.91,0.09469009202719217,f44c2ca8e9ca439d75f4b9cb7cca743be47661392b8188dd0a04eaa4327f7080,b4951a126c895f926e00c97033e06acda04a8e202412fa8e206cb0266553551f,80
305,training,acquisition,fast,ok,,True,100,100,0.9984204145369325,0.99,0.009970903380973783,281a0b6559acc5b6213571bf41e45acdba6ee58016dc5817d09ee6027606df07,025bc0e8423b8ce7fe90607089aa2d18287d219d79d3361cf9c88f6f37ab7294,40
305,training,acquisition,safe,ok,,True,100,100,0.6799999999999999,0.78,0.1816,281a0b6559acc5b6213571bf41e45acdba6ee58016dc5817d09ee6027606df07,025bc0e8423b8ce7fe90607089aa2d18287d219d79d3361cf9c88f6f37ab7294,40
305,updated,adaptation,fast,ok,,True,100,100,0.4519705196279653,0.27,0.2302132700136717,fdd64853d1d230b647c6ce2f7b89f4d4a4c7f386d229a32566d562ca7f04632a,37b8401377f1d47646826cdda7ba6a1263b7a39df6ffbed13eef8a9a77432171,80
305,updated,adaptation,safe,ok,,True,100,100,0.912800913194115,0.82,0.15621200948966169,fdd64853d1d230b647c6ce2f7b89f4d4a4c7f386d229a32566d562ca7f04632a,37b8401377f1d47646826cdda7ba6a1263b7a39df6ffbed13eef8a9a77432171,80
305,frozen,adaptation,fast,ok,,True,100,100,0.9984204145369325,0.27,0.7276963003141566,b8fc68cb63652eb263f21624f57dd53b1d8f6c095a4889d60c0d3a627cfecf60,025bc0e8423b8ce7fe90607089aa2d18287d219d79d3361cf9c88f6f37ab7294,40
305,frozen,adaptation,safe,ok,,True,100,100,0.6799999999999999,0.82,0.16720000000000002,b8fc68cb63652eb263f21624f57dd53b1d8f6c095a4889d60c0d3a627cfecf60,025bc0e8423b8ce7fe90607089aa2d18287d219d79d3361cf9c88f6f37ab7294,40
305,reader_blocked,adaptation,fast,ok,,True,100,100,0.032780257986552534,0.27,0.2533732060009266,3e127e2858bc926a8f35962f2cb3a414314160a5c0f220c4c685c78f2d7636bc,0892f647854cdee4c8dea54feeabede3644900a414986ee65be5b2d1999f5a86,80
305,reader_blocked,adaptation,safe,ok,,True,100,100,0.7952,0.82,0.14821504000000002,3e127e2858bc926a8f35962f2cb3a414314160a5c0f220c4c685c78f2d7636bc,0892f647854cdee4c8dea54feeabede3644900a414986ee65be5b2d1999f5a86,80
305,sham,adaptation,fast,ok,,True,100,100,0.4519705196279653,0.27,0.2302132700136717,18015b7fda0dbdf2645a7c91131366f6959b1729cbc9d557d2b4cf74881cbc25,6c94f2940b140b865d0c307e0e3d213e9f42583ebc3d06275cdbf5a71cf6b135,80
305,sham,adaptation,safe,ok,,True,100,100,0.912800913194115,0.82,0.15621200948966169,18015b7fda0dbdf2645a7c91131366f6959b1729cbc9d557d2b4cf74881cbc25,6c94f2940b140b865d0c307e0e3d213e9f42583ebc3d06275cdbf5a71cf6b135,80
305,resumed,adaptation,fast,ok,,True,100,100,0.4519705196279653,0.27,0.2302132700136717,fdd64853d1d230b647c6ce2f7b89f4d4a4c7f386d229a32566d562ca7f04632a,37b8401377f1d47646826cdda7ba6a1263b7a39df6ffbed13eef8a9a77432171,80
305,resumed,adaptation,safe,ok,,True,100,100,0.912800913194115,0.82,0.15621200948966169,fdd64853d1d230b647c6ce2f7b89f4d4a4c7f386d229a32566d562ca7f04632a,37b8401377f1d47646826cdda7ba6a1263b7a39df6ffbed13eef8a9a77432171,80
305,generic,acquisition,fast,ok,,True,100,100,0.9984204145369325,0.99,0.009970903380973783,25caf7553f39793e3117fc8d284ce332ecfb380f32a5b4419aa01a0aaddf23c0,07895034caf25dbdf68206d648812f3c1d495eb4c98e2a3fe5791b76cb18041b,40
305,generic,acquisition,safe,ok,,True,100,100,0.6799999999999999,0.78,0.1816,25caf7553f39793e3117fc8d284ce332ecfb380f32a5b4419aa01a0aaddf23c0,07895034caf25dbdf68206d648812f3c1d495eb4c98e2a3fe5791b76cb18041b,40
305,generic,adaptation,fast,ok,,True,100,100,0.4519705196279653,0.27,0.2302132700136717,2225ced39397185e19a3ee384bfdd53190bdfdd5f75b1d724df20b26a923bb7b,34fac0b5016dddcaa95a6d0770e26ebce3f337a3851d69af124b57ef00c7243e,80
305,generic,adaptation,safe,ok,,True,100,100,0.912800913194115,0.82,0.15621200948966169,2225ced39397185e19a3ee384bfdd53190bdfdd5f75b1d724df20b26a923bb7b,34fac0b5016dddcaa95a6d0770e26ebce3f337a3851d69af124b57ef00c7243e,80
306,training,acquisition,fast,ok,,True,100,100,0.9987277576790008,0.97,0.02992528406126339,52801838db825d511912eed7765334f78ab441cdc4877feb2c4bd8b34afae954,c456a5cd68d3dec20150f1a662c6efbba6a56a14201a052cc636971fcd92084d,40
306,training,acquisition,safe,ok,,True,100,100,0.744,0.86,0.133856,52801838db825d511912eed7765334f78ab441cdc4877feb2c4bd8b34afae954,c456a5cd68d3dec20150f1a662c6efbba6a56a14201a052cc636971fcd92084d,40
306,updated,adaptation,fast,ok,,True,100,100,0.4618104893090039,0.2,0.22854473231222006,8d881a0710aa1ae6da972cff8c6c03ca4e8390bc4c9eed253310a96165d3a5e7,b8039b5bae72e41997f0ccab5b4a62e285016aec21e7acb9aaad2adf93be84bd,80
306,updated,adaptation,safe,ok,,True,100,100,0.46632427287664024,0.91,0.278748150838442,8d881a0710aa1ae6da972cff8c6c03ca4e8390bc4c9eed253310a96165d3a5e7,b8039b5bae72e41997f0ccab5b4a62e285016aec21e7acb9aaad2adf93be84bd,80
306,frozen,adaptation,fast,ok,,True,100,100,0.9987277576790008,0.2,0.7979660308869246,d25df2a211c97a8aaf984bc1397c566ff3aa8e6c02ef636e5cf0ce9e51774386,c456a5cd68d3dec20150f1a662c6efbba6a56a14201a052cc636971fcd92084d,40
306,frozen,adaptation,safe,ok,,True,100,100,0.744,0.91,0.109456,d25df2a211c97a8aaf984bc1397c566ff3aa8e6c02ef636e5cf0ce9e51774386,c456a5cd68d3dec20150f1a662c6efbba6a56a14201a052cc636971fcd92084d,40
306,reader_blocked,adaptation,fast,ok,,True,100,100,0.31154295572805873,0.2,0.1724418309725517,b56b97fe3dcec609fe1de09137b399e0f771f89b34b6a0fb574ed32242226cea,d8e6757da305b6f7a32b4bc9041b64984f67f3576a9d569b4114e1233c2fa70e,80
306,reader_blocked,adaptation,safe,ok,,True,100,100,0.8951424,0.91,0.08212074827775999,b56b97fe3dcec609fe1de09137b399e0f771f89b34b6a0fb574ed32242226cea,d8e6757da305b6f7a32b4bc9041b64984f67f3576a9d569b4114e1233c2fa70e,80
306,sham,adaptation,fast,ok,,True,100,100,0.4618104893090039,0.2,0.22854473231222006,302e17a2d5713383f5f84e2b4184ce5b10387ead7f182b12a566ed83d90aa199,0b38c867c3a381feff9878f351c8d16da77a48d9e0136afeee0cb0b93ea93632,80
306,sham,adaptation,safe,ok,,True,100,100,0.46632427287664024,0.91,0.278748150838442,302e17a2d5713383f5f84e2b4184ce5b10387ead7f182b12a566ed83d90aa199,0b38c867c3a381feff9878f351c8d16da77a48d9e0136afeee0cb0b93ea93632,80
306,resumed,adaptation,fast,ok,,True,100,100,0.4618104893090039,0.2,0.22854473231222006,8d881a0710aa1ae6da972cff8c6c03ca4e8390bc4c9eed253310a96165d3a5e7,b8039b5bae72e41997f0ccab5b4a62e285016aec21e7acb9aaad2adf93be84bd,80
306,resumed,adaptation,safe,ok,,True,100,100,0.46632427287664024,0.91,0.278748150838442,8d881a0710aa1ae6da972cff8c6c03ca4e8390bc4c9eed253310a96165d3a5e7,b8039b5bae72e41997f0ccab5b4a62e285016aec21e7acb9aaad2adf93be84bd,80
306,generic,acquisition,fast,ok,,True,100,100,0.9987277576790008,0.97,0.02992528406126339,ec51374992dce0f936d29727dfa0c617159563102f3ea007d97b4fe41eba1921,53146d108adec1e8af08b19e1c7f915b9557b0ebb1decaf345e930841a172ee9,40
306,generic,acquisition,safe,ok,,True,100,100,0.744,0.86,0.133856,ec51374992dce0f936d29727dfa0c617159563102f3ea007d97b4fe41eba1921,53146d108adec1e8af08b19e1c7f915b9557b0ebb1decaf345e930841a172ee9,40
306,generic,adaptation,fast,ok,,True,100,100,0.4618104893090039,0.2,0.22854473231222006,7b8c6080759b01718fcb024ccfb7287ca8f028a62d3fc49b519e5613c2448d64,67d0665a4d8cc51748f0203bd25d65941e66ccc5fdaeb4a2514d1a362b907143,80
306,generic,adaptation,safe,ok,,True,100,100,0.46632427287664024,0.91,0.278748150838442,7b8c6080759b01718fcb024ccfb7287ca8f028a62d3fc49b519e5613c2448d64,67d0665a4d8cc51748f0203bd25d65941e66ccc5fdaeb4a2514d1a362b907143,80
307,training,acquisition,fast,ok,,True,100,100,0.9153563796588925,0.91,0.0819286908030502,bd96bf37bc5ca456eef118b6726240d98c3186208eb85d859b3eb7bbc70ae0a0,40e91e11306c3fd2cd201eebf04839b8b08f234f200f895c09b62bb234e8bd12,40
307,training,acquisition,safe,ok,,True,100,100,0.6,0.84,0.19200000000000003,bd96bf37bc5ca456eef118b6726240d98c3186208eb85d859b3eb7bbc70ae0a0,40e91e11306c3fd2cd201eebf04839b8b08f234f200f895c09b62bb234e8bd12,40
307,updated,adaptation,fast,ok,,True,100,100,0.43995518278930074,0.18,0.21517669705901876,68cca820e9861c0925f0234e4d7d96cb22988b0fe992444bedd5f85dcaeb43d8,c39107d2090b578ebe732bdcc6e9d9438a7a48bf49e987cec22fd78429a9b26a,80
307,updated,adaptation,safe,ok,,True,100,100,0.6943122285484912,0.83,0.1595111713214769,68cca820e9861c0925f0234e4d7d96cb22988b0fe992444bedd5f85dcaeb43d8,c39107d2090b578ebe732bdcc6e9d9438a7a48bf49e987cec22fd78429a9b26a,80
307,frozen,adaptation,fast,ok,,True,100,100,0.9153563796588925,0.18,0.6883490051050333,d805d7e37c38110f6c649552a42314791b83897a069a0922f2e6c9bb875f555c,40e91e11306c3fd2cd201eebf04839b8b08f234f200f895c09b62bb234e8bd12,40
307,frozen,adaptation,safe,ok,,True,100,100,0.6,0.83,0.19400000000000003,d805d7e37c38110f6c649552a42314791b83897a069a0922f2e6c9bb875f555c,40e91e11306c3fd2cd201eebf04839b8b08f234f200f895c09b62bb234e8bd12,40
307,reader_blocked,adaptation,fast,ok,,True,100,100,0.3715985408969077,0.18,0.18431000087382401,b69996207812f46c67a34905935dfa859559531e215bd486f32b08965d5edf3d,75396d153030e7688e12cd63e319b8763102becae9022da28ce201c992600b9c,80
307,reader_blocked,adaptation,safe,ok,,True,100,100,0.6,0.83,0.19400000000000003,b69996207812f46c67a34905935dfa859559531e215bd486f32b08965d5edf3d,75396d153030e7688e12cd63e319b8763102becae9022da28ce201c992600b9c,80
307,sham,adaptation,fast,ok,,True,100,100,0.43995518278930074,0.18,0.21517669705901876,11513afad113d2a3b49a1743cdd9aa2f309a67015d0395dc6ff9b76d2043357c,c2ff958dfb11d2eab79467a5b3980a631799b45fd59a89e244b89940984b4d55,80
307,sham,adaptation,safe,ok,,True,100,100,0.6943122285484912,0.83,0.1595111713214769,11513afad113d2a3b49a1743cdd9aa2f309a67015d0395dc6ff9b76d2043357c,c2ff958dfb11d2eab79467a5b3980a631799b45fd59a89e244b89940984b4d55,80
307,resumed,adaptation,fast,ok,,True,100,100,0.43995518278930074,0.18,0.21517669705901876,68cca820e9861c0925f0234e4d7d96cb22988b0fe992444bedd5f85dcaeb43d8,c39107d2090b578ebe732bdcc6e9d9438a7a48bf49e987cec22fd78429a9b26a,80
307,resumed,adaptation,safe,ok,,True,100,100,0.6943122285484912,0.83,0.1595111713214769,68cca820e9861c0925f0234e4d7d96cb22988b0fe992444bedd5f85dcaeb43d8,c39107d2090b578ebe732bdcc6e9d9438a7a48bf49e987cec22fd78429a9b26a,80
307,generic,acquisition,fast,ok,,True,100,100,0.9153563796588925,0.91,0.0819286908030502,38bd6f69be403d9305cae7841c994d385f7c185bf17ba4b8d25b0a1b9ed86593,f16867cedf3bcd195427194fc99be182d0777bf315432f64aa811266ed986d43,40
307,generic,acquisition,safe,ok,,True,100,100,0.6,0.84,0.19200000000000003,38bd6f69be403d9305cae7841c994d385f7c185bf17ba4b8d25b0a1b9ed86593,f16867cedf3bcd195427194fc99be182d0777bf315432f64aa811266ed986d43,40
307,generic,adaptation,fast,ok,,True,100,100,0.43995518278930074,0.18,0.21517669705901876,43ba23677be023d560190bce61ff5f043aa12659f05b00c7d40e088135172d06,cc699573217719f2827242d0d3b004301a4b6ff70d8150c077f599b52feeda0a,80
307,generic,adaptation,safe,ok,,True,100,100,0.6943122285484912,0.83,0.1595111713214769,43ba23677be023d560190bce61ff5f043aa12659f05b00c7d40e088135172d06,cc699573217719f2827242d0d3b004301a4b6ff70d8150c077f599b52feeda0a,80
308,training,acquisition,fast,ok,,True,100,100,0.9579219602816781,0.91,0.08419651427723873,79c3dd9923b15be0d12e9e1990d7af8e47cbf1033ab2668120622eefff289b56,a74fa274cbdf0de39e6815729cae02c07038df6a38d3dc0128e21c956a46e00b,40
308,training,acquisition,safe,ok,,True,100,100,0.4,0.85,0.33,79c3dd9923b15be0d12e9e1990d7af8e47cbf1033ab2668120622eefff289b56,a74fa274cbdf0de39e6815729cae02c07038df6a38d3dc0128e21c956a46e00b,40
308,updated,adaptation,fast,ok,,True,100,100,0.15691140152848032,0.14,0.1206859955016575,ffd0bfeedf76321a81bfdb6c77b2602996ffece6f0438cf1e868ba8d66142f25,dcc164ddf0046b0f30457c4267c142cbc6f1634990a0bd0d6f856703f89a09ec,80
308,updated,adaptation,safe,ok,,True,100,100,0.8954359179865559,0.89,0.09792954920435656,ffd0bfeedf76321a81bfdb6c77b2602996ffece6f0438cf1e868ba8d66142f25,dcc164ddf0046b0f30457c4267c142cbc6f1634990a0bd0d6f856703f89a09ec,80
308,frozen,adaptation,fast,ok,,True,100,100,0.9579219602816781,0.14,0.789396333111023,a41ae9f57d12bbf488ba9e62f0e1537db90bccc15bd9bfd446df11938cc34357,a74fa274cbdf0de39e6815729cae02c07038df6a38d3dc0128e21c956a46e00b,40
308,frozen,adaptation,safe,ok,,True,100,100,0.4,0.89,0.33799999999999997,a41ae9f57d12bbf488ba9e62f0e1537db90bccc15bd9bfd446df11938cc34357,a74fa274cbdf0de39e6815729cae02c07038df6a38d3dc0128e21c956a46e00b,40
308,reader_blocked,adaptation,fast,ok,,True,100,100,0.2842424284893994,0.14,0.1412058781765195,38f0243e5a0493a33aeafc1c59ba9366597396a0618a74ac677872d0191ff881,ab7cbe8298b4de780f3dcfa660149a6d4eaa53f027eec3b63d190081904020cf,80
308,reader_blocked,adaptation,safe,ok,,True,100,100,0.32,0.89,0.42279999999999995,38f0243e5a0493a33aeafc1c59ba9366597396a0618a74ac677872d0191ff881,ab7cbe8298b4de780f3dcfa660149a6d4eaa53f027eec3b63d190081904020cf,80
308,sham,adaptation,fast,ok,,True,100,100,0.15691140152848032,0.14,0.1206859955016575,c7546533e8a394258984d38d11ab747e5bbfc3d560c7ed2534a21f1bd1a73f70,cc018b03a1652d9417c60995486e0a983c453f1edd4ead34dc8721392718e942,80
308,sham,adaptation,safe,ok,,True,100,100,0.8954359179865559,0.89,0.09792954920435656,c7546533e8a394258984d38d11ab747e5bbfc3d560c7ed2534a21f1bd1a73f70,cc018b03a1652d9417c60995486e0a983c453f1edd4ead34dc8721392718e942,80
308,resumed,adaptation,fast,ok,,True,100,100,0.15691140152848032,0.14,0.1206859955016575,ffd0bfeedf76321a81bfdb6c77b2602996ffece6f0438cf1e868ba8d66142f25,dcc164ddf0046b0f30457c4267c142cbc6f1634990a0bd0d6f856703f89a09ec,80
308,resumed,adaptation,safe,ok,,True,100,100,0.8954359179865559,0.89,0.09792954920435656,ffd0bfeedf76321a81bfdb6c77b2602996ffece6f0438cf1e868ba8d66142f25,dcc164ddf0046b0f30457c4267c142cbc6f1634990a0bd0d6f856703f89a09ec,80
308,generic,acquisition,fast,ok,,True,100,100,0.9579219602816781,0.91,0.08419651427723873,76d281e677c43fe9a03ee78f6e5331d2d69358b46ace671b1579b1c87af26d9d,af14e093bf352e3cb3e32d113a51a9447e611787513bf264d476830af8bbd88c,40
308,generic,acquisition,safe,ok,,True,100,100,0.4,0.85,0.33,76d281e677c43fe9a03ee78f6e5331d2d69358b46ace671b1579b1c87af26d9d,af14e093bf352e3cb3e32d113a51a9447e611787513bf264d476830af8bbd88c,40
308,generic,adaptation,fast,ok,,True,100,100,0.15691140152848032,0.14,0.1206859955016575,815b2b38d36c686587af0df86dc173a97e4c4065172eead007c7ed5383ceeb4d,fb0fd78499c3baa78e0c665b858d23d6336b0f6408a0284534731f40921af183,80
308,generic,adaptation,safe,ok,,True,100,100,0.8954359179865559,0.89,0.09792954920435656,815b2b38d36c686587af0df86dc173a97e4c4065172eead007c7ed5383ceeb4d,fb0fd78499c3baa78e0c665b858d23d6336b0f6408a0284534731f40921af183,80
309,training,acquisition,fast,ok,,True,100,100,0.9343975386002107,0.96,0.0390554860297277,7fbf5d98d87ef025ffc300d3816a9b2f4d6a5691bd2d39bef11a0f0135c1fc49,19d762730367de3c9f4ed8b53dea32da1d43d85d4875b6efaf2ccefae10f1408,40
309,training,acquisition,safe,ok,,True,100,100,0.5,0.85,0.25,7fbf5d98d87ef025ffc300d3816a9b2f4d6a5691bd2d39bef11a0f0135c1fc49,19d762730367de3c9f4ed8b53dea32da1d43d85d4875b6efaf2ccefae10f1408,40
309,updated,adaptation,fast,ok,,True,100,100,0.3666858933496407,0.18,0.18245162277575344,675c0f483cd82fd501b18e1a73a09cbfb571cede430eb50374d82e93d9b815a8,879462823580d9094d4bf26af8c1f4e58616d0bfc9c1bf9de5caee3389adc7ff,80
309,updated,adaptation,safe,ok,,True,100,100,0.9967215554259116,0.84,0.15896164593511708,675c0f483cd82fd501b18e1a73a09cbfb571cede430eb50374d82e93d9b815a8,879462823580d9094d4bf26af8c1f4e58616d0bfc9c1bf9de5caee3389adc7ff,80
309,frozen,adaptation,fast,ok,,True,100,100,0.9343975386002107,0.18,0.7167156462460563,87a4d66fc66228a19c654830e62464025b4417b5a8cb383f307875492c5768f9,19d762730367de3c9f4ed8b53dea32da1d43d85d4875b6efaf2ccefae10f1408,40
309,frozen,adaptation,safe,ok,,True,100,100,0.5,0.84,0.25,87a4d66fc66228a19c654830e62464025b4417b5a8cb383f307875492c5768f9,19d762730367de3c9f4ed8b53dea32da1d43d85d4875b6efaf2ccefae10f1408,40
309,reader_blocked,adaptation,fast,ok,,True,100,100,0.13003267467626273,0.18,0.1500967336000082,57e02ae1dbd96ec8786c98701a9f8cef9c7f036958dbb08f77b79f997a470a25,afc3b96d5673f146174daa0b43986d84ce3254f8c427383b9d6b397157e5c7a5,80
309,reader_blocked,adaptation,safe,ok,,True,100,100,0.6,0.84,0.19200000000000003,57e02ae1dbd96ec8786c98701a9f8cef9c7f036958dbb08f77b79f997a470a25,afc3b96d5673f146174daa0b43986d84ce3254f8c427383b9d6b397157e5c7a5,80
309,sham,adaptation,fast,ok,,True,100,100,0.3666858933496407,0.18,0.18245162277575344,098b8c1cf1569465842dccf6a89c8def6b9c0b54297cd7dc66170bd66f290b59,19babbe3e0966934fa75e803710d8bb6405d541cee1f653d464fb35a2bcbde4b,80
309,sham,adaptation,safe,ok,,True,100,100,0.9967215554259116,0.84,0.15896164593511708,098b8c1cf1569465842dccf6a89c8def6b9c0b54297cd7dc66170bd66f290b59,19babbe3e0966934fa75e803710d8bb6405d541cee1f653d464fb35a2bcbde4b,80
309,resumed,adaptation,fast,ok,,True,100,100,0.3666858933496407,0.18,0.18245162277575344,675c0f483cd82fd501b18e1a73a09cbfb571cede430eb50374d82e93d9b815a8,879462823580d9094d4bf26af8c1f4e58616d0bfc9c1bf9de5caee3389adc7ff,80
309,resumed,adaptation,safe,ok,,True,100,100,0.9967215554259116,0.84,0.15896164593511708,675c0f483cd82fd501b18e1a73a09cbfb571cede430eb50374d82e93d9b815a8,879462823580d9094d4bf26af8c1f4e58616d0bfc9c1bf9de5caee3389adc7ff,80
309,generic,acquisition,fast,ok,,True,100,100,0.9343975386002107,0.96,0.0390554860297277,3e6cc46fad60bfde97a1f4a7c4ad9547e0609d241e9c57c6ed2baac70f8492f2,e8653b085fce42dbc874fd18800f2e4b2b44c3f242742473363071f945a2bedb,40
309,generic,acquisition,safe,ok,,True,100,100,0.5,0.85,0.25,3e6cc46fad60bfde97a1f4a7c4ad9547e0609d241e9c57c6ed2baac70f8492f2,e8653b085fce42dbc874fd18800f2e4b2b44c3f242742473363071f945a2bedb,40
309,generic,adaptation,fast,ok,,True,100,100,0.3666858933496407,0.18,0.18245162277575344,f50930a902246217d0c31ba5e6f4aa514fa378ba77285dbcfa63bd7f6c760c71,60584c0d49f9291f832715af12daf4cb3984bf8442ec2768e615c7e62ea3eef6,80
309,generic,adaptation,safe,ok,,True,100,100,0.9967215554259116,0.84,0.15896164593511708,f50930a902246217d0c31ba5e6f4aa514fa378ba77285dbcfa63bd7f6c760c71,60584c0d49f9291f832715af12daf4cb3984bf8442ec2768e615c7e62ea3eef6,80
310,training,acquisition,fast,ok,,True,100,100,0.8959214363780668,0.98,0.026669204860727477,039c2d87160b28ea9314ea0f6c3191903b741ad2d86669ebe7b1b9e9a5bd662a,25ef63467c0a9a2c482afd7f303405997fe86bebde15faf50999dfdb3169cebc,40
310,training,acquisition,safe,ok,,True,100,100,0.83616,0.8,0.1613075456,039c2d87160b28ea9314ea0f6c3191903b741ad2d86669ebe7b1b9e9a5bd662a,25ef63467c0a9a2c482afd7f303405997fe86bebde15faf50999dfdb3169cebc,40
310,updated,adaptation,fast,ok,,True,100,100,0.41342434321431354,0.18,0.20208692400503364,1e14199442b22ffb762286b4052448cc6d2a07c13a2b9eaa1499e32bd9ed2586,207dafa54a82a5785fd143363f4e8db49ba577a50827b248db3c753079b5ba0e,80
310,updated,adaptation,safe,ok,,True,100,100,0.9134547188855755,0.79,0.18114106761511647,1e14199442b22ffb762286b4052448cc6d2a07c13a2b9eaa1499e32bd9ed2586,207dafa54a82a5785fd143363f4e8db49ba577a50827b248db3c753079b5ba0e,80
310,frozen,adaptation,fast,ok,,True,100,100,0.8959214363780668,0.18,0.6601435030656343,b4aa82ad614eb6fa2d1e64cb8c17bd4e177757752fda6a34d5917a71d7b90289,25ef63467c0a9a2c482afd7f303405997fe86bebde15faf50999dfdb3169cebc,40
310,frozen,adaptation,safe,ok,,True,100,100,0.83616,0.79,0.1680307456,b4aa82ad614eb6fa2d1e64cb8c17bd4e177757752fda6a34d5917a71d7b90289,25ef63467c0a9a2c482afd7f303405997fe86bebde15faf50999dfdb3169cebc,40
310,reader_blocked,adaptation,fast,ok,,True,100,100,0.02046545738266154,0.18,0.17305127028812337,b9afc6701240487ebec0e678f547536e4fc5885c93379b27144ac9011b6cf37b,7118793e7bd2b067e8fc0ed7bcafb21ecb4d6757c3154d92eba4e7ba6dd5745e,80
310,reader_blocked,adaptation,safe,ok,,True,100,100,0.83616,0.79,0.1680307456,b9afc6701240487ebec0e678f547536e4fc5885c93379b27144ac9011b6cf37b,7118793e7bd2b067e8fc0ed7bcafb21ecb4d6757c3154d92eba4e7ba6dd5745e,80
310,sham,adaptation,fast,ok,,True,100,100,0.41342434321431354,0.18,0.20208692400503364,a039482cf1e0a87ec1e87f605b9f9122056b0edacb88879203c8e7338de1e358,53e7ab3ca81e7a2bed2947439d59041d26d89a67be1719cbbc994dd8d8dcf898,80
310,sham,adaptation,safe,ok,,True,100,100,0.9134547188855755,0.79,0.18114106761511647,a039482cf1e0a87ec1e87f605b9f9122056b0edacb88879203c8e7338de1e358,53e7ab3ca81e7a2bed2947439d59041d26d89a67be1719cbbc994dd8d8dcf898,80
310,resumed,adaptation,fast,ok,,True,100,100,0.41342434321431354,0.18,0.20208692400503364,1e14199442b22ffb762286b4052448cc6d2a07c13a2b9eaa1499e32bd9ed2586,207dafa54a82a5785fd143363f4e8db49ba577a50827b248db3c753079b5ba0e,80
310,resumed,adaptation,safe,ok,,True,100,100,0.9134547188855755,0.79,0.18114106761511647,1e14199442b22ffb762286b4052448cc6d2a07c13a2b9eaa1499e32bd9ed2586,207dafa54a82a5785fd143363f4e8db49ba577a50827b248db3c753079b5ba0e,80
310,generic,acquisition,fast,ok,,True,100,100,0.8959214363780668,0.98,0.026669204860727477,35a279044dfa5e9ec890cbfa6f4babbb8e02cb2594832eb81087245549e2f075,4b3fe84fe716cb72d673619dc6561e221f0692853d42d10b7e0d3b531cfb1d6f,40
310,generic,acquisition,safe,ok,,True,100,100,0.83616,0.8,0.1613075456,35a279044dfa5e9ec890cbfa6f4babbb8e02cb2594832eb81087245549e2f075,4b3fe84fe716cb72d673619dc6561e221f0692853d42d10b7e0d3b531cfb1d6f,40
310,generic,adaptation,fast,ok,,True,100,100,0.41342434321431354,0.18,0.20208692400503364,ce583ec7e5e6a1991d2dce6b0cf1909e15e6a85f2999f22ff8e39127c693c7b1,fe73a114aab4dfe5208b49bc088b8262cac9441ac55d4a93f8e1d7a4fd213f0b,80
310,generic,adaptation,safe,ok,,True,100,100,0.9134547188855755,0.79,0.18114106761511647,ce583ec7e5e6a1991d2dce6b0cf1909e15e6a85f2999f22ff8e39127c693c7b1,fe73a114aab4dfe5208b49bc088b8262cac9441ac55d4a93f8e1d7a4fd213f0b,80
311,training,acquisition,fast,ok,,True,100,100,0.9996074382404421,0.93,0.06994519545839696,cda764d7d4774d23782d1aff9ff9ab57f6b4ab7b82589f7782ec285774d03dde,d6dc1d0d66d06186747e15c22bc7f53add938583742557ffd0fd9c187f210f87,40
311,training,acquisition,safe,ok,,True,100,100,0.6,0.9,0.18000000000000002,cda764d7d4774d23782d1aff9ff9ab57f6b4ab7b82589f7782ec285774d03dde,d6dc1d0d66d06186747e15c22bc7f53add938583742557ffd0fd9c187f210f87,40
311,updated,adaptation,fast,ok,,True,100,100,0.2521298392525325,0.15,0.13793050406574814,54f406c1b42ac9d9dd14a96d59b0160bc1c7d20dab92f2582afcad06d7fcca86,237002383334c2c92bb256be8a4baa2073a1f378d5f929e5a57b8c0dea8834b7,80
311,updated,adaptation,safe,ok,,True,100,100,0.8703573163102757,0.86,0.1205072740011511,54f406c1b42ac9d9dd14a96d59b0160bc1c7d20dab92f2582afcad06d7fcca86,237002383334c2c92bb256be8a4baa2073a1f378d5f929e5a57b8c0dea8834b7,80
311,frozen,adaptation,fast,ok,,True,100,100,0.9996074382404421,0.15,0.8493327991134866,c990466f621c20874141276accf0dc251f06ad49139f64e4a1e15fbff87d243a,d6dc1d0d66d06186747e15c22bc7f53add938583742557ffd0fd9c187f210f87,40
311,frozen,adaptation,safe,ok,,True,100,100,0.6,0.86,0.18800000000000003,c990466f621c20874141276accf0dc251f06ad49139f64e4a1e15fbff87d243a,d6dc1d0d66d06186747e15c22bc7f53add938583742557ffd0fd9c187f210f87,40
311,reader_blocked,adaptation,fast,ok,,True,100,100,0.01054203263221695,0.15,0.14694852466235364,500d0fd1a2c1ae72682f4110d3956b3edc2a3c212b9d68657fb8006889e56262,b7cf7b6dd54c302299fbba9e7f4f2acb7530610987bc909933202472c716be27,80
311,reader_blocked,adaptation,safe,ok,,True,100,100,0.868928,0.86,0.120479709184,500d0fd1a2c1ae72682f4110d3956b3edc2a3c212b9d68657fb8006889e56262,b7cf7b6dd54c302299fbba9e7f4f2acb7530610987bc909933202472c716be27,80
311,sham,adaptation,fast,ok,,True,100,100,0.2521298392525325,0.15,0.13793050406574814,318c1a966507eaaa171819ec5b5fc9a36770c4f416396669edb4b98855e84cff,4be8b35715600e1522b7b0a8ebe28db8b382ceef21c8c2e6b8769e821b2b8fa1,80
311,sham,adaptation,safe,ok,,True,100,100,0.8703573163102757,0.86,0.1205072740011511,318c1a966507eaaa171819ec5b5fc9a36770c4f416396669edb4b98855e84cff,4be8b35715600e1522b7b0a8ebe28db8b382ceef21c8c2e6b8769e821b2b8fa1,80
311,resumed,adaptation,fast,ok,,True,100,100,0.2521298392525325,0.15,0.13793050406574814,54f406c1b42ac9d9dd14a96d59b0160bc1c7d20dab92f2582afcad06d7fcca86,237002383334c2c92bb256be8a4baa2073a1f378d5f929e5a57b8c0dea8834b7,80
311,resumed,adaptation,safe,ok,,True,100,100,0.8703573163102757,0.86,0.1205072740011511,54f406c1b42ac9d9dd14a96d59b0160bc1c7d20dab92f2582afcad06d7fcca86,237002383334c2c92bb256be8a4baa2073a1f378d5f929e5a57b8c0dea8834b7,80
311,generic,acquisition,fast,ok,,True,100,100,0.9996074382404421,0.93,0.06994519545839696,10889a3e35d8ab55d24c09dfafb019ef603ea4c2d0b312728aa4ad8979dbba9d,1bf7a15286bc35cae8f3873b6293c6b8aa1ad5e348838a84741fa1927963b04e,40
311,generic,acquisition,safe,ok,,True,100,100,0.6,0.9,0.18000000000000002,10889a3e35d8ab55d24c09dfafb019ef603ea4c2d0b312728aa4ad8979dbba9d,1bf7a15286bc35cae8f3873b6293c6b8aa1ad5e348838a84741fa1927963b04e,40
311,generic,adaptation,fast,ok,,True,100,100,0.2521298392525325,0.15,0.13793050406574814,57ded6a10c900cb602ac71b03ea57f09a9d157fe2da6b32d49b46ea3db7ec14e,8a20c673bdb7e60ebc3fb95e9e33042ba4515acaf6aa84935236e5de949bc53f,80
311,generic,adaptation,safe,ok,,True,100,100,0.8703573163102757,0.86,0.1205072740011511,57ded6a10c900cb602ac71b03ea57f09a9d157fe2da6b32d49b46ea3db7ec14e,8a20c673bdb7e60ebc3fb95e9e33042ba4515acaf6aa84935236e5de949bc53f,80
312,training,acquisition,fast,ok,,True,100,100,0.7792706572117796,0.97,0.06547768220042649,18ba8f1cbd8a5e566f567c34cc18a2e8812aa420dcfef35be37d9b8bf23923a9,0cd4888a5e1ae3a62760f11edea6db6ac5f1d8810f9977f58bc88f29c4f9103f,40
312,training,acquisition,safe,ok,,True,100,100,0.4,0.92,0.344,18ba8f1cbd8a5e566f567c34cc18a2e8812aa420dcfef35be37d9b8bf23923a9,0cd4888a5e1ae3a62760f11edea6db6ac5f1d8810f9977f58bc88f29c4f9103f,40
312,updated,adaptation,fast,ok,,True,100,100,0.36854636910803185,0.15,0.1752625154503041,cbf4056d81b6ad43b49fcb027a35268529b885dd77ac42a05c767774c9b04b1a,15e23aa512c60f9de5d7f3511307ca399b8a3af9122c54acae713f31686767d4,80
312,updated,adaptation,safe,ok,,True,100,100,0.9949021891537726,0.82,0.17819077577078204,cbf4056d81b6ad43b49fcb027a35268529b885dd77ac42a05c767774c9b04b1a,15e23aa512c60f9de5d7f3511307ca399b8a3af9122c54acae713f31686767d4,80
312,frozen,adaptation,fast,ok,,True,100,100,0.7792706572117796,0.15,0.523481560027745,21d982a3cf4e3777357f85d14d16cd13ecedbd30bb856877cd6b75fcd02439f1,0cd4888a5e1ae3a62760f11edea6db6ac5f1d8810f9977f58bc88f29c4f9103f,40
312,frozen,adaptation,safe,ok,,True,100,100,0.4,0.82,0.324,21d982a3cf4e3777357f85d14d16cd13ecedbd30bb856877cd6b75fcd02439f1,0cd4888a5e1ae3a62760f11edea6db6ac5f1d8810f9977f58bc88f29c4f9103f,40
312,reader_blocked,adaptation,fast,ok,,True,100,100,0.0385157795147368,0.15,0.13992873141720677,5a7f5f9262420e700292ee729096f9744489e213f3fa651ae7b54422bf3df64f,b4c94250a19531b2a936b6f08dcf0a06309aa268e8bc98f4e8934c57289f78ec,80
312,reader_blocked,adaptation,safe,ok,,True,100,100,0.616,0.82,0.189216,5a7f5f9262420e700292ee729096f9744489e213f3fa651ae7b54422bf3df64f,b4c94250a19531b2a936b6f08dcf0a06309aa268e8bc98f4e8934c57289f78ec,80
312,sham,adaptation,fast,ok,,True,100,100,0.36854636910803185,0.15,0.1752625154503041,314e0b91f0b7024109c6e6eb49aeec4e8337854f9f394880abbeb309846ee918,d76bb082f98f5e33f6dffca6a3bfa0aca6f000b241abfedd078d4b13aa323726,80
312,sham,adaptation,safe,ok,,True,100,100,0.9949021891537726,0.82,0.17819077577078204,314e0b91f0b7024109c6e6eb49aeec4e8337854f9f394880abbeb309846ee918,d76bb082f98f5e33f6dffca6a3bfa0aca6f000b241abfedd078d4b13aa323726,80
312,resumed,adaptation,fast,ok,,True,100,100,0.36854636910803185,0.15,0.1752625154503041,cbf4056d81b6ad43b49fcb027a35268529b885dd77ac42a05c767774c9b04b1a,15e23aa512c60f9de5d7f3511307ca399b8a3af9122c54acae713f31686767d4,80
312,resumed,adaptation,safe,ok,,True,100,100,0.9949021891537726,0.82,0.17819077577078204,cbf4056d81b6ad43b49fcb027a35268529b885dd77ac42a05c767774c9b04b1a,15e23aa512c60f9de5d7f3511307ca399b8a3af9122c54acae713f31686767d4,80
312,generic,acquisition,fast,ok,,True,100,100,0.7792706572117796,0.97,0.06547768220042649,bf70e86eda457dc4cad59d54e3912bd189eb42aeda0f6182096a709887f465c8,cd051a7db8b3bb1090bd12b1f543f331ac2c2478a82106699b792dd6b5109e80,40
312,generic,acquisition,safe,ok,,True,100,100,0.4,0.92,0.344,bf70e86eda457dc4cad59d54e3912bd189eb42aeda0f6182096a709887f465c8,cd051a7db8b3bb1090bd12b1f543f331ac2c2478a82106699b792dd6b5109e80,40
312,generic,adaptation,fast,ok,,True,100,100,0.36854636910803185,0.15,0.1752625154503041,dff71dd240df0fba3dc754823ff8dca531295612d28fd19411666b4fdb890c96,90958427b15d06a993ea5597b5448b6ddbfc840dc219e40ddce7751cdf260215,80
312,generic,adaptation,safe,ok,,True,100,100,0.9949021891537726,0.82,0.17819077577078204,dff71dd240df0fba3dc754823ff8dca531295612d28fd19411666b4fdb890c96,90958427b15d06a993ea5597b5448b6ddbfc840dc219e40ddce7751cdf260215,80
313,training,acquisition,fast,ok,,True,100,100,0.9998961540628293,0.95,0.049989626190261593,e5cdb0c834ba692220073d4ce162300a83829fe26cb08a3e7a3b1779b2927b76,d6b5b82fd3f06506b367f67bae160770df6692702e45e2d10a19c464cac8d03a,40
313,training,acquisition,safe,ok,,True,100,100,0.6799999999999999,0.82,0.16720000000000002,e5cdb0c834ba692220073d4ce162300a83829fe26cb08a3e7a3b1779b2927b76,d6b5b82fd3f06506b367f67bae160770df6692702e45e2d10a19c464cac8d03a,40
313,updated,adaptation,fast,ok,,True,100,100,0.33769342192851703,0.16,0.16597495219666597,bdf01b30086d34a932954c377fd3e99cf98b4cedfe0fa8220d17a6f4906eb428,1d2f2d088e874bffc835fee1ef6f6e76b37b93b73203fe08dbc799c1976cc849,80
313,updated,adaptation,safe,ok,,True,100,100,0.9700645135505862,0.88,0.11371161660110372,bdf01b30086d34a932954c377fd3e99cf98b4cedfe0fa8220d17a6f4906eb428,1d2f2d088e874bffc835fee1ef6f6e76b37b93b73203fe08dbc799c1976cc849,80
313,frozen,adaptation,fast,ok,,True,100,100,0.9998961540628293,0.16,0.8398255496095319,0ffde3149b2ee8e0ed4747730b10f7bd473a530a877ff844b0c31b3d5bc22f7a,d6b5b82fd3f06506b367f67bae160770df6692702e45e2d10a19c464cac8d03a,40
313,frozen,adaptation,safe,ok,,True,100,100,0.6799999999999999,0.88,0.14560000000000003,0ffde3149b2ee8e0ed4747730b10f7bd473a530a877ff844b0c31b3d5bc22f7a,d6b5b82fd3f06506b367f67bae160770df6692702e45e2d10a19c464cac8d03a,40
313,reader_blocked,adaptation,fast,ok,,True,100,100,0.3264136661052804,0.16,0.16209350826659974,00956a0c4a62a50a110926fbafaa15d69b72bc7a0f3b778d2e27dd3972afc257,8de00d01072b71bfb988a55d9f49cd61cea1cbc803b919f684d48ba8047ca1ea,80
313,reader_blocked,adaptation,safe,ok,,True,100,100,0.6799999999999999,0.88,0.14560000000000003,00956a0c4a62a50a110926fbafaa15d69b72bc7a0f3b778d2e27dd3972afc257,8de00d01072b71bfb988a55d9f49cd61cea1cbc803b919f684d48ba8047ca1ea,80
313,sham,adaptation,fast,ok,,True,100,100,0.33769342192851703,0.16,0.16597495219666597,d05acac9997699230c589afc84488ad22c9e980888a0e455e0e03de071c86f07,3b60c9b6fa77b9b784911903d37768a1990c0f0c6fd56075502eb49b6554c1c9,80
313,sham,adaptation,safe,ok,,True,100,100,0.9700645135505862,0.88,0.11371161660110372,d05acac9997699230c589afc84488ad22c9e980888a0e455e0e03de071c86f07,3b60c9b6fa77b9b784911903d37768a1990c0f0c6fd56075502eb49b6554c1c9,80
313,resumed,adaptation,fast,ok,,True,100,100,0.33769342192851703,0.16,0.16597495219666597,bdf01b30086d34a932954c377fd3e99cf98b4cedfe0fa8220d17a6f4906eb428,1d2f2d088e874bffc835fee1ef6f6e76b37b93b73203fe08dbc799c1976cc849,80
313,resumed,adaptation,safe,ok,,True,100,100,0.9700645135505862,0.88,0.11371161660110372,bdf01b30086d34a932954c377fd3e99cf98b4cedfe0fa8220d17a6f4906eb428,1d2f2d088e874bffc835fee1ef6f6e76b37b93b73203fe08dbc799c1976cc849,80
313,generic,acquisition,fast,ok,,True,100,100,0.9998961540628293,0.95,0.049989626190261593,af0b8f34f14e7abb0ef0f739c4f57c4bdd26456d2e5f5830fda4e3ae92987636,0aab142723539c289bf4bcc30d6c368e9147233951a6d7633ae4b28d6666f708,40
313,generic,acquisition,safe,ok,,True,100,100,0.6799999999999999,0.82,0.16720000000000002,af0b8f34f14e7abb0ef0f739c4f57c4bdd26456d2e5f5830fda4e3ae92987636,0aab142723539c289bf4bcc30d6c368e9147233951a6d7633ae4b28d6666f708,40
313,generic,adaptation,fast,ok,,True,100,100,0.33769342192851703,0.16,0.16597495219666597,7ff3b2e649399e97cf9f1573690ae76be360d691221ea44ff69cbbaa5b15ad35,c04a72230d3a148d55eb293465818924f0f5e3f715fe5a0f3e8e10b018c9a274,80
313,generic,adaptation,safe,ok,,True,100,100,0.9700645135505862,0.88,0.11371161660110372,7ff3b2e649399e97cf9f1573690ae76be360d691221ea44ff69cbbaa5b15ad35,c04a72230d3a148d55eb293465818924f0f5e3f715fe5a0f3e8e10b018c9a274,80
314,training,acquisition,fast,ok,,True,100,100,0.8630680795718797,0.95,0.05505715878932104,dcb84b63ec6dd675a1b47edb8b3e614a015f3213964b70dfe8805d669078057c,dc8c3f57854dcc349f772f607db0e0ad57883ffa208a398b973bbf06b9c3a1eb,40
314,training,acquisition,safe,ok,,True,100,100,0.4,0.84,0.328,dcb84b63ec6dd675a1b47edb8b3e614a015f3213964b70dfe8805d669078057c,dc8c3f57854dcc349f772f607db0e0ad57883ffa208a398b973bbf06b9c3a1eb,40
314,updated,adaptation,fast,ok,,True,100,100,0.10125262681572397,0.2,0.16975104371079466,09ae64740bb82d1e7670e76202a9487eb9afaa408f8287690f6f49e3d3617342,3867c3509ac8f630aaa5eb39bdb8a2462c248c880dd2eecac0106513b0c34441,80
314,updated,adaptation,safe,ok,,True,100,100,0.8159364894021568,0.8,0.16025397169446506,09ae64740bb82d1e7670e76202a9487eb9afaa408f8287690f6f49e3d3617342,3867c3509ac8f630aaa5eb39bdb8a2462c248c880dd2eecac0106513b0c34441,80
314,frozen,adaptation,fast,ok,,True,100,100,0.8630680795718797,0.2,0.5996592781471406,41a2a62cbe896f3e5e4a8bc2e1d5f657bdd21dd83dcf5516ae5bd47e80bdb52f,dc8c3f57854dcc349f772f607db0e0ad57883ffa208a398b973bbf06b9c3a1eb,40
314,frozen,adaptation,safe,ok,,True,100,100,0.4,0.8,0.32,41a2a62cbe896f3e5e4a8bc2e1d5f657bdd21dd83dcf5516ae5bd47e80bdb52f,dc8c3f57854dcc349f772f607db0e0ad57883ffa208a398b973bbf06b9c3a1eb,40
314,reader_blocked,adaptation,fast,ok,,True,100,100,0.05569887985781104,0.2,0.18082281327429045,4640824332c8c6935e8e7506635f165d73566edef2157afd3fe4cb9f0b6b8698,407882c3abb7feb3b762135c4b4018be6eb507d3e60750f868b8267a70d4b6da,80
314,reader_blocked,adaptation,safe,ok,,True,100,100,0.32,0.8,0.3903999999999999,4640824332c8c6935e8e7506635f165d73566edef2157afd3fe4cb9f0b6b8698,407882c3abb7feb3b762135c4b4018be6eb507d3e60750f868b8267a70d4b6da,80
314,sham,adaptation,fast,ok,,True,100,100,0.10125262681572397,0.2,0.16975104371079466,e5f9a32eee24ec406c975bd26a0faaeb0818f8b5b187c34930770fe8c7eadfea,67838393f9c654fd68a4bb89cf898d81e0fede0c033c6e47caac1568135d85f0,80
314,sham,adaptation,safe,ok,,True,100,100,0.8159364894021568,0.8,0.16025397169446506,e5f9a32eee24ec406c975bd26a0faaeb0818f8b5b187c34930770fe8c7eadfea,67838393f9c654fd68a4bb89cf898d81e0fede0c033c6e47caac1568135d85f0,80
314,resumed,adaptation,fast,ok,,True,100,100,0.10125262681572397,0.2,0.16975104371079466,09ae64740bb82d1e7670e76202a9487eb9afaa408f8287690f6f49e3d3617342,3867c3509ac8f630aaa5eb39bdb8a2462c248c880dd2eecac0106513b0c34441,80
314,resumed,adaptation,safe,ok,,True,100,100,0.8159364894021568,0.8,0.16025397169446506,09ae64740bb82d1e7670e76202a9487eb9afaa408f8287690f6f49e3d3617342,3867c3509ac8f630aaa5eb39bdb8a2462c248c880dd2eecac0106513b0c34441,80
314,generic,acquisition,fast,ok,,True,100,100,0.8630680795718797,0.95,0.05505715878932104,e971fc6717e33c8a67cc29c796ddc2651cceb9b5da0acfed2302526f641e1e01,718f2bf77b70e1d698bad818bfb86546f03be9da0693dbe17faeb7f258d981e3,40
314,generic,acquisition,safe,ok,,True,100,100,0.4,0.84,0.328,e971fc6717e33c8a67cc29c796ddc2651cceb9b5da0acfed2302526f641e1e01,718f2bf77b70e1d698bad818bfb86546f03be9da0693dbe17faeb7f258d981e3,40
314,generic,adaptation,fast,ok,,True,100,100,0.10125262681572397,0.2,0.16975104371079466,fd3b179a7cb2e4107521d2970588cd18cd6e581328dce131b2353e9900b6712c,8794ca31b12946133b58904a6326445a9eb79760312529c947fcf53339dd0351,80
314,generic,adaptation,safe,ok,,True,100,100,0.8159364894021568,0.8,0.16025397169446506,fd3b179a7cb2e4107521d2970588cd18cd6e581328dce131b2353e9900b6712c,8794ca31b12946133b58904a6326445a9eb79760312529c947fcf53339dd0351,80
315,training,acquisition,fast,ok,,True,100,100,0.9987155624421119,0.97,0.029924583526366826,a9f27912bf51e1354a8094349be802f58973e13f074bddba57b77a026feafa0c,2682740c7d36553fc9c8be9f47e99d5122bc1485fbeb2d0a7ea23604585aace7,40
315,training,acquisition,safe,ok,,True,100,100,0.6799999999999999,0.9,0.13840000000000002,a9f27912bf51e1354a8094349be802f58973e13f074bddba57b77a026feafa0c,2682740c7d36553fc9c8be9f47e99d5122bc1485fbeb2d0a7ea23604585aace7,40
315,updated,adaptation,fast,ok,,True,100,100,0.32725911550103126,0.19,0.17274006478812545,0e106a544d5eee4cedc739dd9110f39a90e3de137b780fc6d7e861345160a52c,be025608b5029f5142bf0a57c457f3150ba093bd2412d3a97d2216b29f3ec203,80
315,updated,adaptation,safe,ok,,True,100,100,0.9068258548211118,0.91,0.08191007519761666,0e106a544d5eee4cedc739dd9110f39a90e3de137b780fc6d7e861345160a52c,be025608b5029f5142bf0a57c457f3150ba093bd2412d3a97d2216b29f3ec203,80
315,frozen,adaptation,fast,ok,,True,100,100,0.9987155624421119,0.19,0.8079208609360614,9d72dac0f45dfa81411727cc1dd3d8350cd3f25327f031aaeef017f3c08042de,2682740c7d36553fc9c8be9f47e99d5122bc1485fbeb2d0a7ea23604585aace7,40
315,frozen,adaptation,safe,ok,,True,100,100,0.6799999999999999,0.91,0.13480000000000003,9d72dac0f45dfa81411727cc1dd3d8350cd3f25327f031aaeef017f3c08042de,2682740c7d36553fc9c8be9f47e99d5122bc1485fbeb2d0a7ea23604585aace7,40
315,reader_blocked,adaptation,fast,ok,,True,100,100,0.25617281845547174,0.19,0.15827884190234084,4a7d1d1708b5cb1bf631a6bfcfbd023165dc9c3f03aa51f4f8865061c44c377d,fc3c1d4317a223561cec86ae40c01954f86df4f00a721af3080e51a69f2ff9f6,80
315,reader_blocked,adaptation,safe,ok,,True,100,100,0.5439999999999999,0.91,0.21585600000000005,4a7d1d1708b5cb1bf631a6bfcfbd023165dc9c3f03aa51f4f8865061c44c377d,fc3c1d4317a223561cec86ae40c01954f86df4f00a721af3080e51a69f2ff9f6,80
315,sham,adaptation,fast,ok,,True,100,100,0.32725911550103126,0.19,0.17274006478812545,5a8ca800bcbe3e4cf79ec78ff80bcd645d6871dad5144693e2cebdf93e8babb5,d5e6a442f19637106e2bad0913f8830650add74fd4f268910ccab562b466e7e7,80
315,sham,adaptation,safe,ok,,True,100,100,0.9068258548211118,0.91,0.08191007519761666,5a8ca800bcbe3e4cf79ec78ff80bcd645d6871dad5144693e2cebdf93e8babb5,d5e6a442f19637106e2bad0913f8830650add74fd4f268910ccab562b466e7e7,80
315,resumed,adaptation,fast,ok,,True,100,100,0.32725911550103126,0.19,0.17274006478812545,0e106a544d5eee4cedc739dd9110f39a90e3de137b780fc6d7e861345160a52c,be025608b5029f5142bf0a57c457f3150ba093bd2412d3a97d2216b29f3ec203,80
315,resumed,adaptation,safe,ok,,True,100,100,0.9068258548211118,0.91,0.08191007519761666,0e106a544d5eee4cedc739dd9110f39a90e3de137b780fc6d7e861345160a52c,be025608b5029f5142bf0a57c457f3150ba093bd2412d3a97d2216b29f3ec203,80
315,generic,acquisition,fast,ok,,True,100,100,0.9987155624421119,0.97,0.029924583526366826,3104991c9c169ae157ff0bcd63311f7c3eb05cd1eafe6c8af9754d31f8575a58,062e5a119ed83ae93d52c99729ba927aaec094fa50887db5052bf479ab2acb85,40
315,generic,acquisition,safe,ok,,True,100,100,0.6799999999999999,0.9,0.13840000000000002,3104991c9c169ae157ff0bcd63311f7c3eb05cd1eafe6c8af9754d31f8575a58,062e5a119ed83ae93d52c99729ba927aaec094fa50887db5052bf479ab2acb85,40
315,generic,adaptation,fast,ok,,True,100,100,0.32725911550103126,0.19,0.17274006478812545,8ca2090c534be000e512f848018ecd472fb001feaad27a69d7be8e3c5d187d45,b4473bbabf40932d796d9f4f04c66138c89c80b154465dce6dd1542121a94b36,80
315,generic,adaptation,safe,ok,,True,100,100,0.9068258548211118,0.91,0.08191007519761666,8ca2090c534be000e512f848018ecd472fb001feaad27a69d7be8e3c5d187d45,b4473bbabf40932d796d9f4f04c66138c89c80b154465dce6dd1542121a94b36,80
316,training,acquisition,fast,ok,,True,100,100,0.9986421957564341,0.96,0.039893219292878576,be0e6e2761de442ebc4e0f568881a0f15adaf63be660f968cc393b859951271e,848111c3a9e4eeee66a0333bbc2d2acedf2be5e98a14a9883cda18b51a6a230f,40
316,training,acquisition,safe,ok,,True,100,100,0.6799999999999999,0.8,0.17440000000000003,be0e6e2761de442ebc4e0f568881a0f15adaf63be660f968cc393b859951271e,848111c3a9e4eeee66a0333bbc2d2acedf2be5e98a14a9883cda18b51a6a230f,40
316,updated,adaptation,fast,ok,,True,100,100,0.16160614687686264,0.22,0.17500984208256654,539c6f05e74715a3b1c64245bea26475d4550054f33eb746536f27096badc3ff,df4c1819338a61dbf7c0b52f7ccb81c2faba1fa37697dc18fd7e989824981505,80
316,updated,adaptation,safe,ok,,True,100,100,0.7705486186630404,0.81,0.1554564114893942,539c6f05e74715a3b1c64245bea26475d4550054f33eb746536f27096badc3ff,df4c1819338a61dbf7c0b52f7ccb81c2faba1fa37697dc18fd7e989824981505,80
316,frozen,adaptation,fast,ok,,True,100,100,0.9986421957564341,0.22,0.777883669012401,58aa662454c986ac57ddc6e6af0818736517704047fff0b6cee8e04e725d83aa,848111c3a9e4eeee66a0333bbc2d2acedf2be5e98a14a9883cda18b51a6a230f,40
316,frozen,adaptation,safe,ok,,True,100,100,0.6799999999999999,0.81,0.17080000000000004,58aa662454c986ac57ddc6e6af0818736517704047fff0b6cee8e04e725d83aa,848111c3a9e4eeee66a0333bbc2d2acedf2be5e98a14a9883cda18b51a6a230f,40
316,reader_blocked,adaptation,fast,ok,,True,100,100,0.12982556971618522,0.22,0.17973142787701057,adba6a46da4a03abcf175b01a037b67ccd43b64acbe776fc122abe0322c95420,511345ca84e55418833e675db26547eb4396dee79f019e5e48e8d6caaaf742d8,80
316,reader_blocked,adaptation,safe,ok,,True,100,100,0.83616,0.81,0.1545843456,adba6a46da4a03abcf175b01a037b67ccd43b64acbe776fc122abe0322c95420,511345ca84e55418833e675db26547eb4396dee79f019e5e48e8d6caaaf742d8,80
316,sham,adaptation,fast,ok,,True,100,100,0.16160614687686264,0.22,0.17500984208256654,8d577496e1d3d5229286b070936000b55b6945b71d8ae1011cdc0fac45cdebc4,083747e12f1f956bf1cf36b07c0e6f3c39ef42269ae8b5e392082eeaa5f31850,80
316,sham,adaptation,safe,ok,,True,100,100,0.7705486186630404,0.81,0.1554564114893942,8d577496e1d3d5229286b070936000b55b6945b71d8ae1011cdc0fac45cdebc4,083747e12f1f956bf1cf36b07c0e6f3c39ef42269ae8b5e392082eeaa5f31850,80
316,resumed,adaptation,fast,ok,,True,100,100,0.16160614687686264,0.22,0.17500984208256654,539c6f05e74715a3b1c64245bea26475d4550054f33eb746536f27096badc3ff,df4c1819338a61dbf7c0b52f7ccb81c2faba1fa37697dc18fd7e989824981505,80
316,resumed,adaptation,safe,ok,,True,100,100,0.7705486186630404,0.81,0.1554564114893942,539c6f05e74715a3b1c64245bea26475d4550054f33eb746536f27096badc3ff,df4c1819338a61dbf7c0b52f7ccb81c2faba1fa37697dc18fd7e989824981505,80
316,generic,acquisition,fast,ok,,True,100,100,0.9986421957564341,0.96,0.039893219292878576,af9e92493b680fbd7f93d4121ab024a650cfb866afb3ff4a700487228f472eda,3647021a87240634e744e6f79ab468a15837c91718f8d4c5456a896458060dc9,40
316,generic,acquisition,safe,ok,,True,100,100,0.6799999999999999,0.8,0.17440000000000003,af9e92493b680fbd7f93d4121ab024a650cfb866afb3ff4a700487228f472eda,3647021a87240634e744e6f79ab468a15837c91718f8d4c5456a896458060dc9,40
316,generic,adaptation,fast,ok,,True,100,100,0.16160614687686264,0.22,0.17500984208256654,90e8144175c9d6b61e7179663ed8c5138dab3d6d5e1dbb3a8ae3fafec1f415a0,a68eb966332e275bc4ff641a3f4eb87931c7abe9ada7ef968fda9ac5e8a39ab9,80
316,generic,adaptation,safe,ok,,True,100,100,0.7705486186630404,0.81,0.1554564114893942,90e8144175c9d6b61e7179663ed8c5138dab3d6d5e1dbb3a8ae3fafec1f415a0,a68eb966332e275bc4ff641a3f4eb87931c7abe9ada7ef968fda9ac5e8a39ab9,80
317,training,acquisition,fast,ok,,True,100,100,0.8905238185895716,0.95,0.05103741615516619,4848c665d998804f0d1191af4bdcef076f94d5147791d1e91b71d74bae293ab4,03606a00d0f22c43208a8df1bd7f6cdea3cc39e86a2c164e49f2b0c1ae72f3e5,40
317,training,acquisition,safe,ok,,True,100,100,0.4,0.76,0.312,4848c665d998804f0d1191af4bdcef076f94d5147791d1e91b71d74bae293ab4,03606a00d0f22c43208a8df1bd7f6cdea3cc39e86a2c164e49f2b0c1ae72f3e5,40
317,updated,adaptation,fast,ok,,True,100,100,0.18585524001841994,0.19,0.1539171790353049,c730c8011bf657b6ce91dc8437193684bc5ba400fe1193b74be0bbe328d29fe0,56bb9a3afae86af89db61d38b5d9d65cc1a4d4dc31c871fafaca9ebbc7db4a10,80
317,updated,adaptation,safe,ok,,True,100,100,0.971051412316596,0.85,0.14215344442384253,c730c8011bf657b6ce91dc8437193684bc5ba400fe1193b74be0bbe328d29fe0,56bb9a3afae86af89db61d38b5d9d65cc1a4d4dc31c871fafaca9ebbc7db4a10,80
317,frozen,adaptation,fast,ok,,True,100,100,0.8905238185895716,0.19,0.6446336204113151,71370abfdefc97c72a860e0b83122b643d0d0687400c7a76a87f6bb90e19a7de,03606a00d0f22c43208a8df1bd7f6cdea3cc39e86a2c164e49f2b0c1ae72f3e5,40
317,frozen,adaptation,safe,ok,,True,100,100,0.4,0.85,0.33,71370abfdefc97c72a860e0b83122b643d0d0687400c7a76a87f6bb90e19a7de,03606a00d0f22c43208a8df1bd7f6cdea3cc39e86a2c164e49f2b0c1ae72f3e5,40
317,reader_blocked,adaptation,fast,ok,,True,100,100,0.3605954328658699,0.19,0.18300280171469352,13ae6ae1684817048afdf283e8d4d27353aec80a79be123fe2fbbcdf80a421b6,2e4e5e18ff33767bc2555847409b9f7602622d6d302787819aa258ed7d1eb045,80
317,reader_blocked,adaptation,safe,ok,,True,100,100,0.6928,0.85,0.15221184000000001,13ae6ae1684817048afdf283e8d4d27353aec80a79be123fe2fbbcdf80a421b6,2e4e5e18ff33767bc2555847409b9f7602622d6d302787819aa258ed7d1eb045,80
317,sham,adaptation,fast,ok,,True,100,100,0.18585524001841994,0.19,0.1539171790353049,ae1fdcb1553e60925d73b4cb1de25d514955e5265209e499e9b9833d9826e347,c5c345354f0c9b9ef2e1a408353a381d0e729286595ea0fa506741c99f4552f5,80
317,sham,adaptation,safe,ok,,True,100,100,0.971051412316596,0.85,0.14215344442384253,ae1fdcb1553e60925d73b4cb1de25d514955e5265209e499e9b9833d9826e347,c5c345354f0c9b9ef2e1a408353a381d0e729286595ea0fa506741c99f4552f5,80
317,resumed,adaptation,fast,ok,,True,100,100,0.18585524001841994,0.19,0.1539171790353049,c730c8011bf657b6ce91dc8437193684bc5ba400fe1193b74be0bbe328d29fe0,56bb9a3afae86af89db61d38b5d9d65cc1a4d4dc31c871fafaca9ebbc7db4a10,80
317,resumed,adaptation,safe,ok,,True,100,100,0.971051412316596,0.85,0.14215344442384253,c730c8011bf657b6ce91dc8437193684bc5ba400fe1193b74be0bbe328d29fe0,56bb9a3afae86af89db61d38b5d9d65cc1a4d4dc31c871fafaca9ebbc7db4a10,80
317,generic,acquisition,fast,ok,,True,100,100,0.8905238185895716,0.95,0.05103741615516619,d9e99c966a3d3afc28f317d3290baa5e75667d0dc9b0691f46a5ddc4ba40eec6,3607ba885321250e3356cec881649492e597ddb37fdd2c7248c0a067a7216f47,40
317,generic,acquisition,safe,ok,,True,100,100,0.4,0.76,0.312,d9e99c966a3d3afc28f317d3290baa5e75667d0dc9b0691f46a5ddc4ba40eec6,3607ba885321250e3356cec881649492e597ddb37fdd2c7248c0a067a7216f47,40
317,generic,adaptation,fast,ok,,True,100,100,0.18585524001841994,0.19,0.1539171790353049,4d83ce0d8946c27f150855df2aa3e7a99b76ff3996d8452f507c3bffb25eb9a5,d27f603b8d6883c27ebb7addc13d3f2a185111edd868c2ce41653d9781e29909,80
317,generic,adaptation,safe,ok,,True,100,100,0.971051412316596,0.85,0.14215344442384253,4d83ce0d8946c27f150855df2aa3e7a99b76ff3996d8452f507c3bffb25eb9a5,d27f603b8d6883c27ebb7addc13d3f2a185111edd868c2ce41653d9781e29909,80
318,training,acquisition,fast,ok,,True,100,100,0.9974759412403585,1,6.370872622122768e-06,374d262b1b400e698692d538fe90de59c2f22f5af1abd12e8e36cb72a5849ef9,ff7b9850cf584282636eefbc69acb9ddc6f8b2ecbfcfcdbd9a2b7cfb6111f65f,40
318,training,acquisition,safe,ok,,True,100,100,0.48,0.87,0.26520000000000005,374d262b1b400e698692d538fe90de59c2f22f5af1abd12e8e36cb72a5849ef9,ff7b9850cf584282636eefbc69acb9ddc6f8b2ecbfcfcdbd9a2b7cfb6111f65f,40
318,updated,adaptation,fast,ok,,True,100,100,0.26749239118002344,0.2,0.16455522286719731,8f63059906c6d2db01209d6ff5c93a3bbd3b0b0d84bf549cca277b49eecb67bc,e1716b361c33ba07bd2ed0e6575bc2ed1956a659ed3d26ec9959153a376164f3,80
318,updated,adaptation,safe,ok,,True,100,100,0.7891987409754462,0.78,0.17168461683553335,8f63059906c6d2db01209d6ff5c93a3bbd3b0b0d84bf549cca277b49eecb67bc,e1716b361c33ba07bd2ed0e6575bc2ed1956a659ed3d26ec9959153a376164f3,80
318,frozen,adaptation,fast,ok,,True,100,100,0.9974759412403585,0.2,0.7959678768571958,6b709108e2d7d9bee2537a9da2c8c44cbffb8ab96b8dabe211ffc29118668caf,ff7b9850cf584282636eefbc69acb9ddc6f8b2ecbfcfcdbd9a2b7cfb6111f65f,40
318,frozen,adaptation,safe,ok,,True,100,100,0.48,0.78,0.2616,6b709108e2d7d9bee2537a9da2c8c44cbffb8ab96b8dabe211ffc29118668caf,ff7b9850cf584282636eefbc69acb9ddc6f8b2ecbfcfcdbd9a2b7cfb6111f65f,40
318,reader_blocked,adaptation,fast,ok,,True,100,100,0.19036554576241663,0.2,0.1600928227084561,01319629c2cc0380233331c649d78ebd10b6cfdf24f0cd0ad491215e68eb35ef,a7fb0b353a98e067e0c04b67bddad8e07248c9f8a543c498b3aedd88cbebf036,80
318,reader_blocked,adaptation,safe,ok,,True,100,100,0.73376,0.78,0.17373813759999998,01319629c2cc0380233331c649d78ebd10b6cfdf24f0cd0ad491215e68eb35ef,a7fb0b353a98e067e0c04b67bddad8e07248c9f8a543c498b3aedd88cbebf036,80
318,sham,adaptation,fast,ok,,True,100,100,0.26749239118002344,0.2,0.16455522286719731,cf329ca0f78cc3f7828f318a5fba62c6423616df4950f333342fd018ed0c3acf,4a9cf92b95bba746512b7be4e4e9debbb07ca4c273a4bd9fe82c228d128c97d2,80
318,sham,adaptation,safe,ok,,True,100,100,0.7891987409754462,0.78,0.17168461683553335,cf329ca0f78cc3f7828f318a5fba62c6423616df4950f333342fd018ed0c3acf,4a9cf92b95bba746512b7be4e4e9debbb07ca4c273a4bd9fe82c228d128c97d2,80
318,resumed,adaptation,fast,ok,,True,100,100,0.26749239118002344,0.2,0.16455522286719731,8f63059906c6d2db01209d6ff5c93a3bbd3b0b0d84bf549cca277b49eecb67bc,e1716b361c33ba07bd2ed0e6575bc2ed1956a659ed3d26ec9959153a376164f3,80
318,resumed,adaptation,safe,ok,,True,100,100,0.7891987409754462,0.78,0.17168461683553335,8f63059906c6d2db01209d6ff5c93a3bbd3b0b0d84bf549cca277b49eecb67bc,e1716b361c33ba07bd2ed0e6575bc2ed1956a659ed3d26ec9959153a376164f3,80
318,generic,acquisition,fast,ok,,True,100,100,0.9974759412403585,1,6.370872622122768e-06,ba8be78723aafd351063e1b8059679fe7f0e46e4b339cb73cf31214c8b4e0c02,1726a00735ff18e600c3e9d5974fea922a68bff754fc0225661fc67b8ef8a006,40
318,generic,acquisition,safe,ok,,True,100,100,0.48,0.87,0.26520000000000005,ba8be78723aafd351063e1b8059679fe7f0e46e4b339cb73cf31214c8b4e0c02,1726a00735ff18e600c3e9d5974fea922a68bff754fc0225661fc67b8ef8a006,40
318,generic,adaptation,fast,ok,,True,100,100,0.26749239118002344,0.2,0.16455522286719731,0e7f7122af5e8fa50d3ffa8c9b042641476ade239370ad4f7e0025415041b8db,f7eb3c4969a74df42ba83910dc19984e0588ff0e462230e4a980df2d1883895f,80
318,generic,adaptation,safe,ok,,True,100,100,0.7891987409754462,0.78,0.17168461683553335,0e7f7122af5e8fa50d3ffa8c9b042641476ade239370ad4f7e0025415041b8db,f7eb3c4969a74df42ba83910dc19984e0588ff0e462230e4a980df2d1883895f,80
319,training,acquisition,fast,ok,,True,100,100,0.8389516807662554,0.91,0.08694786366594008,7e06a8760a7f3a8734da1c20d531f8bad3c6891bbe44295a92b618991c211a11,7953dc198ed283aabb06624f9fac924940d843095f32119bd34ee0aa3ada2f1d,40
319,training,acquisition,safe,ok,,True,100,100,0.52,0.83,0.2372,7e06a8760a7f3a8734da1c20d531f8bad3c6891bbe44295a92b618991c211a11,7953dc198ed283aabb06624f9fac924940d843095f32119bd34ee0aa3ada2f1d,40
319,updated,adaptation,fast,ok,,True,100,100,0.1759409195222314,0.19,0.15409765774388037,3c52940150b6bc7e5a7e0006419032a58f0097f127b16831cdac6f04f2934d44,76fb08d34b3e2d2575a5c77b5944ff3611836cf33f6b29cef3d194f05fd8b6e2,80
319,updated,adaptation,safe,ok,,True,100,100,0.9411299089056252,0.84,0.14462725847526003,3c52940150b6bc7e5a7e0006419032a58f0097f127b16831cdac6f04f2934d44,76fb08d34b3e2d2575a5c77b5944ff3611836cf33f6b29cef3d194f05fd8b6e2,80
319,frozen,adaptation,fast,ok,,True,100,100,0.8389516807662554,0.19,0.5750382839693479,9e032826a9453940ae06c41f0a07e098cafd78a97e507a8a8ba10a5d4f7b3cbb,7953dc198ed283aabb06624f9fac924940d843095f32119bd34ee0aa3ada2f1d,40
319,frozen,adaptation,safe,ok,,True,100,100,0.52,0.84,0.2368,9e032826a9453940ae06c41f0a07e098cafd78a97e507a8a8ba10a5d4f7b3cbb,7953dc198ed283aabb06624f9fac924940d843095f32119bd34ee0aa3ada2f1d,40
319,reader_blocked,adaptation,fast,ok,,True,100,100,0.0662120212173991,0.19,0.16922346369108165,51f22c2e105abc0c3655493a79126ccd8c0161372930109f94c7545c8d5261ba,22ed3242008c44999d044d74964e57aeb6772d348e3fcf99e103a3d2ff749234,80
319,reader_blocked,adaptation,safe,ok,,True,100,100,0.803392,0.84,0.135740145664,51f22c2e105abc0c3655493a79126ccd8c0161372930109f94c7545c8d5261ba,22ed3242008c44999d044d74964e57aeb6772d348e3fcf99e103a3d2ff749234,80
319,sham,adaptation,fast,ok,,True,100,100,0.1759409195222314,0.19,0.15409765774388037,ec7cf7eda7cd25c40ddbe3af7d5d29b32d3d0e060321e4546cdeabad4107d6c1,a5f304a42096e25527fdca19a7586f7771e65f132558fa2ebe6fca8c545d9093,80
319,sham,adaptation,safe,ok,,True,100,100,0.9411299089056252,0.84,0.14462725847526003,ec7cf7eda7cd25c40ddbe3af7d5d29b32d3d0e060321e4546cdeabad4107d6c1,a5f304a42096e25527fdca19a7586f7771e65f132558fa2ebe6fca8c545d9093,80
319,resumed,adaptation,fast,ok,,True,100,100,0.1759409195222314,0.19,0.15409765774388037,3c52940150b6bc7e5a7e0006419032a58f0097f127b16831cdac6f04f2934d44,76fb08d34b3e2d2575a5c77b5944ff3611836cf33f6b29cef3d194f05fd8b6e2,80
319,resumed,adaptation,safe,ok,,True,100,100,0.9411299089056252,0.84,0.14462725847526003,3c52940150b6bc7e5a7e0006419032a58f0097f127b16831cdac6f04f2934d44,76fb08d34b3e2d2575a5c77b5944ff3611836cf33f6b29cef3d194f05fd8b6e2,80
319,generic,acquisition,fast,ok,,True,100,100,0.8389516807662554,0.91,0.08694786366594008,5bc9b443343aed7db25d47001f30c5eba60468a8178953d07fcaad5b03b6fb10,a3aeff8a60f487816d806beccacf1ccd40231066d42d1b361073159967a73ea5,40
319,generic,acquisition,safe,ok,,True,100,100,0.52,0.83,0.2372,5bc9b443343aed7db25d47001f30c5eba60468a8178953d07fcaad5b03b6fb10,a3aeff8a60f487816d806beccacf1ccd40231066d42d1b361073159967a73ea5,40
319,generic,adaptation,fast,ok,,True,100,100,0.1759409195222314,0.19,0.15409765774388037,f22b421bd1ab9376cab9e6b805076a9979f2ca3c6b7250127d9271debc46fd06,d40e47222a0477dbb93a71485a3d6552b0e3d683ac635ed077bbc456d8d64b46,80
319,generic,adaptation,safe,ok,,True,100,100,0.9411299089056252,0.84,0.14462725847526003,f22b421bd1ab9376cab9e6b805076a9979f2ca3c6b7250127d9271debc46fd06,d40e47222a0477dbb93a71485a3d6552b0e3d683ac635ed077bbc456d8d64b46,80
