seed,condition,status,error,parent_tick,same_pre_state,same_observation,baseline_probability_left,probability_left,total_variation,baseline_action,action,action_changed,verify_valid,run_path
100,intact,ok,,4,True,True,0.0,0.0,0.0,right,right,False,True,branches\seed-100\intact
100,sham,ok,,4,True,True,0.0,0.0,0.0,right,right,False,True,branches\seed-100\sham
100,block_read,ok,,4,True,True,0.0,0.5,0.5,right,left,True,True,branches\seed-100\block_read
100,mask_relevant,ok,,4,True,True,0.0,0.5,0.5,right,left,True,True,branches\seed-100\mask_relevant
100,mask_irrelevant,ok,,4,True,True,0.0,0.0,0.0,right,right,False,True,branches\seed-100\mask_irrelevant
101,intact,ok,,4,True,True,0.0,0.0,0.0,right,right,False,True,branches\seed-101\intact
101,sham,ok,,4,True,True,0.0,0.0,0.0,right,right,False,True,branches\seed-101\sham
101,block_read,ok,,4,True,True,0.0,0.5,0.5,right,left,True,True,branches\seed-101\block_read
101,mask_relevant,ok,,4,True,True,0.0,0.5,0.5,right,left,True,True,branches\seed-101\mask_relevant
101,mask_irrelevant,ok,,4,True,True,0.0,0.0,0.0,right,right,False,True,branches\seed-101\mask_irrelevant
102,intact,ok,,4,True,True,1.0,1.0,0.0,left,left,False,True,branches\seed-102\intact
102,sham,ok,,4,True,True,1.0,1.0,0.0,left,left,False,True,branches\seed-102\sham
102,block_read,ok,,4,True,True,1.0,0.5,0.5,left,left,False,True,branches\seed-102\block_read
102,mask_relevant,ok,,4,True,True,1.0,0.5,0.5,left,left,False,True,branches\seed-102\mask_relevant
102,mask_irrelevant,ok,,4,True,True,1.0,1.0,0.0,left,left,False,True,branches\seed-102\mask_irrelevant
103,intact,ok,,4,True,True,1.0,1.0,0.0,left,left,False,True,branches\seed-103\intact
103,sham,ok,,4,True,True,1.0,1.0,0.0,left,left,False,True,branches\seed-103\sham
103,block_read,ok,,4,True,True,1.0,0.5,0.5,left,left,False,True,branches\seed-103\block_read
103,mask_relevant,ok,,4,True,True,1.0,0.5,0.5,left,left,False,True,branches\seed-103\mask_relevant
103,mask_irrelevant,ok,,4,True,True,1.0,1.0,0.0,left,left,False,True,branches\seed-103\mask_irrelevant
104,intact,ok,,4,True,True,1.0,1.0,0.0,left,left,False,True,branches\seed-104\intact
104,sham,ok,,4,True,True,1.0,1.0,0.0,left,left,False,True,branches\seed-104\sham
104,block_read,ok,,4,True,True,1.0,0.5,0.5,left,right,True,True,branches\seed-104\block_read
104,mask_relevant,ok,,4,True,True,1.0,0.5,0.5,left,right,True,True,branches\seed-104\mask_relevant
104,mask_irrelevant,ok,,4,True,True,1.0,1.0,0.0,left,left,False,True,branches\seed-104\mask_irrelevant
105,intact,ok,,4,True,True,1.0,1.0,0.0,left,left,False,True,branches\seed-105\intact
105,sham,ok,,4,True,True,1.0,1.0,0.0,left,left,False,True,branches\seed-105\sham
105,block_read,ok,,4,True,True,1.0,0.5,0.5,left,right,True,True,branches\seed-105\block_read
105,mask_relevant,ok,,4,True,True,1.0,0.5,0.5,left,right,True,True,branches\seed-105\mask_relevant
105,mask_irrelevant,ok,,4,True,True,1.0,1.0,0.0,left,left,False,True,branches\seed-105\mask_irrelevant
106,intact,ok,,4,True,True,1.0,1.0,0.0,left,left,False,True,branches\seed-106\intact
106,sham,ok,,4,True,True,1.0,1.0,0.0,left,left,False,True,branches\seed-106\sham
106,block_read,ok,,4,True,True,1.0,0.5,0.5,left,left,False,True,branches\seed-106\block_read
106,mask_relevant,ok,,4,True,True,1.0,0.5,0.5,left,left,False,True,branches\seed-106\mask_relevant
106,mask_irrelevant,ok,,4,True,True,1.0,1.0,0.0,left,left,False,True,branches\seed-106\mask_irrelevant
107,intact,ok,,4,True,True,0.0,0.0,0.0,right,right,False,True,branches\seed-107\intact
107,sham,ok,,4,True,True,0.0,0.0,0.0,right,right,False,True,branches\seed-107\sham
107,block_read,ok,,4,True,True,0.0,0.5,0.5,right,right,False,True,branches\seed-107\block_read
107,mask_relevant,ok,,4,True,True,0.0,0.5,0.5,right,right,False,True,branches\seed-107\mask_relevant
107,mask_irrelevant,ok,,4,True,True,0.0,0.0,0.0,right,right,False,True,branches\seed-107\mask_irrelevant
108,intact,ok,,4,True,True,0.0,0.0,0.0,right,right,False,True,branches\seed-108\intact
108,sham,ok,,4,True,True,0.0,0.0,0.0,right,right,False,True,branches\seed-108\sham
108,block_read,ok,,4,True,True,0.0,0.5,0.5,right,right,False,True,branches\seed-108\block_read
108,mask_relevant,ok,,4,True,True,0.0,0.5,0.5,right,right,False,True,branches\seed-108\mask_relevant
108,mask_irrelevant,ok,,4,True,True,0.0,0.0,0.0,right,right,False,True,branches\seed-108\mask_irrelevant
109,intact,ok,,4,True,True,0.0,0.0,0.0,right,right,False,True,branches\seed-109\intact
109,sham,ok,,4,True,True,0.0,0.0,0.0,right,right,False,True,branches\seed-109\sham
109,block_read,ok,,4,True,True,0.0,0.5,0.5,right,left,True,True,branches\seed-109\block_read
109,mask_relevant,ok,,4,True,True,0.0,0.5,0.5,right,left,True,True,branches\seed-109\mask_relevant
109,mask_irrelevant,ok,,4,True,True,0.0,0.0,0.0,right,right,False,True,branches\seed-109\mask_irrelevant
110,intact,ok,,4,True,True,0.0,0.0,0.0,right,right,False,True,branches\seed-110\intact
110,sham,ok,,4,True,True,0.0,0.0,0.0,right,right,False,True,branches\seed-110\sham
110,block_read,ok,,4,True,True,0.0,0.5,0.5,right,right,False,True,branches\seed-110\block_read
110,mask_relevant,ok,,4,True,True,0.0,0.5,0.5,right,right,False,True,branches\seed-110\mask_relevant
110,mask_irrelevant,ok,,4,True,True,0.0,0.0,0.0,right,right,False,True,branches\seed-110\mask_irrelevant
111,intact,ok,,4,True,True,0.0,0.0,0.0,right,right,False,True,branches\seed-111\intact
111,sham,ok,,4,True,True,0.0,0.0,0.0,right,right,False,True,branches\seed-111\sham
111,block_read,ok,,4,True,True,0.0,0.5,0.5,right,right,False,True,branches\seed-111\block_read
111,mask_relevant,ok,,4,True,True,0.0,0.5,0.5,right,right,False,True,branches\seed-111\mask_relevant
111,mask_irrelevant,ok,,4,True,True,0.0,0.0,0.0,right,right,False,True,branches\seed-111\mask_irrelevant
112,intact,ok,,4,True,True,1.0,1.0,0.0,left,left,False,True,branches\seed-112\intact
112,sham,ok,,4,True,True,1.0,1.0,0.0,left,left,False,True,branches\seed-112\sham
112,block_read,ok,,4,True,True,1.0,0.5,0.5,left,right,True,True,branches\seed-112\block_read
112,mask_relevant,ok,,4,True,True,1.0,0.5,0.5,left,right,True,True,branches\seed-112\mask_relevant
112,mask_irrelevant,ok,,4,True,True,1.0,1.0,0.0,left,left,False,True,branches\seed-112\mask_irrelevant
113,intact,ok,,4,True,True,0.0,0.0,0.0,right,right,False,True,branches\seed-113\intact
113,sham,ok,,4,True,True,0.0,0.0,0.0,right,right,False,True,branches\seed-113\sham
113,block_read,ok,,4,True,True,0.0,0.5,0.5,right,left,True,True,branches\seed-113\block_read
113,mask_relevant,ok,,4,True,True,0.0,0.5,0.5,right,left,True,True,branches\seed-113\mask_relevant
113,mask_irrelevant,ok,,4,True,True,0.0,0.0,0.0,right,right,False,True,branches\seed-113\mask_irrelevant
114,intact,ok,,4,True,True,1.0,1.0,0.0,left,left,False,True,branches\seed-114\intact
114,sham,ok,,4,True,True,1.0,1.0,0.0,left,left,False,True,branches\seed-114\sham
114,block_read,ok,,4,True,True,1.0,0.5,0.5,left,left,False,True,branches\seed-114\block_read
114,mask_relevant,ok,,4,True,True,1.0,0.5,0.5,left,left,False,True,branches\seed-114\mask_relevant
114,mask_irrelevant,ok,,4,True,True,1.0,1.0,0.0,left,left,False,True,branches\seed-114\mask_irrelevant
115,intact,ok,,4,True,True,0.0,0.0,0.0,right,right,False,True,branches\seed-115\intact
115,sham,ok,,4,True,True,0.0,0.0,0.0,right,right,False,True,branches\seed-115\sham
115,block_read,ok,,4,True,True,0.0,0.5,0.5,right,left,True,True,branches\seed-115\block_read
115,mask_relevant,ok,,4,True,True,0.0,0.5,0.5,right,left,True,True,branches\seed-115\mask_relevant
115,mask_irrelevant,ok,,4,True,True,0.0,0.0,0.0,right,right,False,True,branches\seed-115\mask_irrelevant
116,intact,ok,,4,True,True,0.0,0.0,0.0,right,right,False,True,branches\seed-116\intact
116,sham,ok,,4,True,True,0.0,0.0,0.0,right,right,False,True,branches\seed-116\sham
116,block_read,ok,,4,True,True,0.0,0.5,0.5,right,right,False,True,branches\seed-116\block_read
116,mask_relevant,ok,,4,True,True,0.0,0.5,0.5,right,right,False,True,branches\seed-116\mask_relevant
116,mask_irrelevant,ok,,4,True,True,0.0,0.0,0.0,right,right,False,True,branches\seed-116\mask_irrelevant
117,intact,ok,,4,True,True,1.0,1.0,0.0,left,left,False,True,branches\seed-117\intact
117,sham,ok,,4,True,True,1.0,1.0,0.0,left,left,False,True,branches\seed-117\sham
117,block_read,ok,,4,True,True,1.0,0.5,0.5,left,left,False,True,branches\seed-117\block_read
117,mask_relevant,ok,,4,True,True,1.0,0.5,0.5,left,left,False,True,branches\seed-117\mask_relevant
117,mask_irrelevant,ok,,4,True,True,1.0,1.0,0.0,left,left,False,True,branches\seed-117\mask_irrelevant
118,intact,ok,,4,True,True,1.0,1.0,0.0,left,left,False,True,branches\seed-118\intact
118,sham,ok,,4,True,True,1.0,1.0,0.0,left,left,False,True,branches\seed-118\sham
118,block_read,ok,,4,True,True,1.0,0.5,0.5,left,right,True,True,branches\seed-118\block_read
118,mask_relevant,ok,,4,True,True,1.0,0.5,0.5,left,right,True,True,branches\seed-118\mask_relevant
118,mask_irrelevant,ok,,4,True,True,1.0,1.0,0.0,left,left,False,True,branches\seed-118\mask_irrelevant
119,intact,ok,,4,True,True,1.0,1.0,0.0,left,left,False,True,branches\seed-119\intact
119,sham,ok,,4,True,True,1.0,1.0,0.0,left,left,False,True,branches\seed-119\sham
119,block_read,ok,,4,True,True,1.0,0.5,0.5,left,right,True,True,branches\seed-119\block_read
119,mask_relevant,ok,,4,True,True,1.0,0.5,0.5,left,right,True,True,branches\seed-119\mask_relevant
119,mask_irrelevant,ok,,4,True,True,1.0,1.0,0.0,left,left,False,True,branches\seed-119\mask_irrelevant
