seed,condition,status,error,episodes_planned,episodes_completed,successes,success_rate,success_rate_completed,brier_mean,actions_budget,actions_consumed,records_capacity,records_scanned_total,memory_bytes_peak,memory_bytes_mean,verify_valid,restart_tick,run_path
100,intact,ok,,40,40,40,1.0,1.0,0.0,200,200,64,2357,13465,12178.675,True,4,runs\intact\seed-100
101,intact,ok,,40,40,40,1.0,1.0,0.0,200,200,64,2357,13464,12178.72,True,4,runs\intact\seed-101
102,intact,ok,,40,40,40,1.0,1.0,0.0,200,200,64,2357,13467,12178.335,True,4,runs\intact\seed-102
103,intact,ok,,40,40,40,1.0,1.0,0.0,200,200,64,2357,13466,12179.485,True,4,runs\intact\seed-103
104,intact,ok,,40,40,40,1.0,1.0,0.0,200,200,64,2357,13464,12178.985,True,4,runs\intact\seed-104
105,intact,ok,,40,40,40,1.0,1.0,0.0,200,200,64,2357,13467,12178.815,True,4,runs\intact\seed-105
106,intact,ok,,40,40,40,1.0,1.0,0.0,200,200,64,2357,13467,12178.815,True,4,runs\intact\seed-106
107,intact,ok,,40,40,40,1.0,1.0,0.0,200,200,64,2357,13467,12179.96,True,4,runs\intact\seed-107
108,intact,ok,,40,40,40,1.0,1.0,0.0,200,200,64,2357,13466,12179.51,True,4,runs\intact\seed-108
109,intact,ok,,40,40,40,1.0,1.0,0.0,200,200,64,2357,13467,12178.895,True,4,runs\intact\seed-109
110,intact,ok,,40,40,40,1.0,1.0,0.0,200,200,64,2357,13466,12179.74,True,4,runs\intact\seed-110
111,intact,ok,,40,40,40,1.0,1.0,0.0,200,200,64,2357,13464,12177.82,True,4,runs\intact\seed-111
112,intact,ok,,40,40,40,1.0,1.0,0.0,200,200,64,2357,13464,12179.09,True,4,runs\intact\seed-112
113,intact,ok,,40,40,40,1.0,1.0,0.0,200,200,64,2357,13466,12179.335,True,4,runs\intact\seed-113
114,intact,ok,,40,40,40,1.0,1.0,0.0,200,200,64,2357,13466,12178.215,True,4,runs\intact\seed-114
115,intact,ok,,40,40,40,1.0,1.0,0.0,200,200,64,2357,13466,12178.79,True,4,runs\intact\seed-115
116,intact,ok,,40,40,40,1.0,1.0,0.0,200,200,64,2357,13467,12178.305,True,4,runs\intact\seed-116
117,intact,ok,,40,40,40,1.0,1.0,0.0,200,200,64,2357,13466,12179.365,True,4,runs\intact\seed-117
118,intact,ok,,40,40,40,1.0,1.0,0.0,200,200,64,2357,13465,12178.165,True,4,runs\intact\seed-118
119,intact,ok,,40,40,40,1.0,1.0,0.0,200,200,64,2357,13465,12178.975,True,4,runs\intact\seed-119
100,sham,ok,,40,40,40,1.0,1.0,0.0,200,200,64,2357,13465,12178.675,True,4,runs\sham\seed-100
101,sham,ok,,40,40,40,1.0,1.0,0.0,200,200,64,2357,13464,12178.72,True,4,runs\sham\seed-101
102,sham,ok,,40,40,40,1.0,1.0,0.0,200,200,64,2357,13467,12178.335,True,4,runs\sham\seed-102
103,sham,ok,,40,40,40,1.0,1.0,0.0,200,200,64,2357,13466,12179.485,True,4,runs\sham\seed-103
104,sham,ok,,40,40,40,1.0,1.0,0.0,200,200,64,2357,13464,12178.985,True,4,runs\sham\seed-104
105,sham,ok,,40,40,40,1.0,1.0,0.0,200,200,64,2357,13467,12178.815,True,4,runs\sham\seed-105
106,sham,ok,,40,40,40,1.0,1.0,0.0,200,200,64,2357,13467,12178.815,True,4,runs\sham\seed-106
107,sham,ok,,40,40,40,1.0,1.0,0.0,200,200,64,2357,13467,12179.96,True,4,runs\sham\seed-107
108,sham,ok,,40,40,40,1.0,1.0,0.0,200,200,64,2357,13466,12179.51,True,4,runs\sham\seed-108
109,sham,ok,,40,40,40,1.0,1.0,0.0,200,200,64,2357,13467,12178.895,True,4,runs\sham\seed-109
110,sham,ok,,40,40,40,1.0,1.0,0.0,200,200,64,2357,13466,12179.74,True,4,runs\sham\seed-110
111,sham,ok,,40,40,40,1.0,1.0,0.0,200,200,64,2357,13464,12177.82,True,4,runs\sham\seed-111
112,sham,ok,,40,40,40,1.0,1.0,0.0,200,200,64,2357,13464,12179.09,True,4,runs\sham\seed-112
113,sham,ok,,40,40,40,1.0,1.0,0.0,200,200,64,2357,13466,12179.335,True,4,runs\sham\seed-113
114,sham,ok,,40,40,40,1.0,1.0,0.0,200,200,64,2357,13466,12178.215,True,4,runs\sham\seed-114
115,sham,ok,,40,40,40,1.0,1.0,0.0,200,200,64,2357,13466,12178.79,True,4,runs\sham\seed-115
116,sham,ok,,40,40,40,1.0,1.0,0.0,200,200,64,2357,13467,12178.305,True,4,runs\sham\seed-116
117,sham,ok,,40,40,40,1.0,1.0,0.0,200,200,64,2357,13466,12179.365,True,4,runs\sham\seed-117
118,sham,ok,,40,40,40,1.0,1.0,0.0,200,200,64,2357,13465,12178.165,True,4,runs\sham\seed-118
119,sham,ok,,40,40,40,1.0,1.0,0.0,200,200,64,2357,13465,12178.975,True,4,runs\sham\seed-119
100,block_read,ok,,40,40,21,0.525,0.525,0.25,200,200,64,0,13470,12181.335,True,4,runs\block_read\seed-100
101,block_read,ok,,40,40,16,0.4,0.4,0.25,200,200,64,0,13473,12183.215,True,4,runs\block_read\seed-101
102,block_read,ok,,40,40,22,0.55,0.55,0.25,200,200,64,0,13470,12181.925,True,4,runs\block_read\seed-102
103,block_read,ok,,40,40,21,0.525,0.525,0.25,200,200,64,0,13473,12182.215,True,4,runs\block_read\seed-103
104,block_read,ok,,40,40,22,0.55,0.55,0.25,200,200,64,0,13467,12181.855,True,4,runs\block_read\seed-104
105,block_read,ok,,40,40,21,0.525,0.525,0.25,200,200,64,0,13470,12182.41,True,4,runs\block_read\seed-105
106,block_read,ok,,40,40,23,0.575,0.575,0.25,200,200,64,0,13468,12180.26,True,4,runs\block_read\seed-106
107,block_read,ok,,40,40,27,0.675,0.675,0.25,200,200,64,0,13467,12180.835,True,4,runs\block_read\seed-107
108,block_read,ok,,40,40,21,0.525,0.525,0.25,200,200,64,0,13469,12182.545,True,4,runs\block_read\seed-108
109,block_read,ok,,40,40,14,0.35,0.35,0.25,200,200,64,0,13469,12182.74,True,4,runs\block_read\seed-109
110,block_read,ok,,40,40,17,0.425,0.425,0.25,200,200,64,0,13469,12182.25,True,4,runs\block_read\seed-110
111,block_read,ok,,40,40,19,0.475,0.475,0.25,200,200,64,0,13469,12182.145,True,4,runs\block_read\seed-111
112,block_read,ok,,40,40,21,0.525,0.525,0.25,200,200,64,0,13472,12182.41,True,4,runs\block_read\seed-112
113,block_read,ok,,40,40,16,0.4,0.4,0.25,200,200,64,0,13471,12182.875,True,4,runs\block_read\seed-113
114,block_read,ok,,40,40,20,0.5,0.5,0.25,200,200,64,0,13469,12181.76,True,4,runs\block_read\seed-114
115,block_read,ok,,40,40,24,0.6,0.6,0.25,200,200,64,0,13470,12181.815,True,4,runs\block_read\seed-115
116,block_read,ok,,40,40,20,0.5,0.5,0.25,200,200,64,0,13470,12182.155,True,4,runs\block_read\seed-116
117,block_read,ok,,40,40,20,0.5,0.5,0.25,200,200,64,0,13471,12181.82,True,4,runs\block_read\seed-117
118,block_read,ok,,40,40,15,0.375,0.375,0.25,200,200,64,0,13472,12182.62,True,4,runs\block_read\seed-118
119,block_read,ok,,40,40,19,0.475,0.475,0.25,200,200,64,0,13471,12182.725,True,4,runs\block_read\seed-119
100,block_write,ok,,40,40,21,0.525,0.525,0.25,200,200,64,0,2,2,True,4,runs\block_write\seed-100
101,block_write,ok,,40,40,16,0.4,0.4,0.25,200,200,64,0,2,2,True,4,runs\block_write\seed-101
102,block_write,ok,,40,40,22,0.55,0.55,0.25,200,200,64,0,2,2,True,4,runs\block_write\seed-102
103,block_write,ok,,40,40,21,0.525,0.525,0.25,200,200,64,0,2,2,True,4,runs\block_write\seed-103
104,block_write,ok,,40,40,22,0.55,0.55,0.25,200,200,64,0,2,2,True,4,runs\block_write\seed-104
105,block_write,ok,,40,40,21,0.525,0.525,0.25,200,200,64,0,2,2,True,4,runs\block_write\seed-105
106,block_write,ok,,40,40,23,0.575,0.575,0.25,200,200,64,0,2,2,True,4,runs\block_write\seed-106
107,block_write,ok,,40,40,27,0.675,0.675,0.25,200,200,64,0,2,2,True,4,runs\block_write\seed-107
108,block_write,ok,,40,40,21,0.525,0.525,0.25,200,200,64,0,2,2,True,4,runs\block_write\seed-108
109,block_write,ok,,40,40,14,0.35,0.35,0.25,200,200,64,0,2,2,True,4,runs\block_write\seed-109
110,block_write,ok,,40,40,17,0.425,0.425,0.25,200,200,64,0,2,2,True,4,runs\block_write\seed-110
111,block_write,ok,,40,40,19,0.475,0.475,0.25,200,200,64,0,2,2,True,4,runs\block_write\seed-111
112,block_write,ok,,40,40,21,0.525,0.525,0.25,200,200,64,0,2,2,True,4,runs\block_write\seed-112
113,block_write,ok,,40,40,16,0.4,0.4,0.25,200,200,64,0,2,2,True,4,runs\block_write\seed-113
114,block_write,ok,,40,40,20,0.5,0.5,0.25,200,200,64,0,2,2,True,4,runs\block_write\seed-114
115,block_write,ok,,40,40,24,0.6,0.6,0.25,200,200,64,0,2,2,True,4,runs\block_write\seed-115
116,block_write,ok,,40,40,20,0.5,0.5,0.25,200,200,64,0,2,2,True,4,runs\block_write\seed-116
117,block_write,ok,,40,40,20,0.5,0.5,0.25,200,200,64,0,2,2,True,4,runs\block_write\seed-117
118,block_write,ok,,40,40,15,0.375,0.375,0.25,200,200,64,0,2,2,True,4,runs\block_write\seed-118
119,block_write,ok,,40,40,19,0.475,0.475,0.25,200,200,64,0,2,2,True,4,runs\block_write\seed-119
100,mask_relevant,ok,,40,40,21,0.525,0.525,0.25,200,200,64,2317,13470,12181.335,True,4,runs\mask_relevant\seed-100
101,mask_relevant,ok,,40,40,16,0.4,0.4,0.25,200,200,64,2317,13473,12183.215,True,4,runs\mask_relevant\seed-101
102,mask_relevant,ok,,40,40,22,0.55,0.55,0.25,200,200,64,2317,13470,12181.925,True,4,runs\mask_relevant\seed-102
103,mask_relevant,ok,,40,40,21,0.525,0.525,0.25,200,200,64,2317,13473,12182.215,True,4,runs\mask_relevant\seed-103
104,mask_relevant,ok,,40,40,22,0.55,0.55,0.25,200,200,64,2317,13467,12181.855,True,4,runs\mask_relevant\seed-104
105,mask_relevant,ok,,40,40,21,0.525,0.525,0.25,200,200,64,2317,13470,12182.41,True,4,runs\mask_relevant\seed-105
106,mask_relevant,ok,,40,40,23,0.575,0.575,0.25,200,200,64,2317,13468,12180.26,True,4,runs\mask_relevant\seed-106
107,mask_relevant,ok,,40,40,27,0.675,0.675,0.25,200,200,64,2317,13467,12180.835,True,4,runs\mask_relevant\seed-107
108,mask_relevant,ok,,40,40,21,0.525,0.525,0.25,200,200,64,2317,13469,12182.545,True,4,runs\mask_relevant\seed-108
109,mask_relevant,ok,,40,40,14,0.35,0.35,0.25,200,200,64,2317,13469,12182.74,True,4,runs\mask_relevant\seed-109
110,mask_relevant,ok,,40,40,17,0.425,0.425,0.25,200,200,64,2317,13469,12182.25,True,4,runs\mask_relevant\seed-110
111,mask_relevant,ok,,40,40,19,0.475,0.475,0.25,200,200,64,2317,13469,12182.145,True,4,runs\mask_relevant\seed-111
112,mask_relevant,ok,,40,40,21,0.525,0.525,0.25,200,200,64,2317,13472,12182.41,True,4,runs\mask_relevant\seed-112
113,mask_relevant,ok,,40,40,16,0.4,0.4,0.25,200,200,64,2317,13471,12182.875,True,4,runs\mask_relevant\seed-113
114,mask_relevant,ok,,40,40,20,0.5,0.5,0.25,200,200,64,2317,13469,12181.76,True,4,runs\mask_relevant\seed-114
115,mask_relevant,ok,,40,40,24,0.6,0.6,0.25,200,200,64,2317,13470,12181.815,True,4,runs\mask_relevant\seed-115
116,mask_relevant,ok,,40,40,20,0.5,0.5,0.25,200,200,64,2317,13470,12182.155,True,4,runs\mask_relevant\seed-116
117,mask_relevant,ok,,40,40,20,0.5,0.5,0.25,200,200,64,2317,13471,12181.82,True,4,runs\mask_relevant\seed-117
118,mask_relevant,ok,,40,40,15,0.375,0.375,0.25,200,200,64,2317,13472,12182.62,True,4,runs\mask_relevant\seed-118
119,mask_relevant,ok,,40,40,19,0.475,0.475,0.25,200,200,64,2317,13471,12182.725,True,4,runs\mask_relevant\seed-119
100,mask_irrelevant,ok,,40,40,40,1.0,1.0,0.0,200,200,64,2317,13465,12178.675,True,4,runs\mask_irrelevant\seed-100
101,mask_irrelevant,ok,,40,40,40,1.0,1.0,0.0,200,200,64,2317,13464,12178.72,True,4,runs\mask_irrelevant\seed-101
102,mask_irrelevant,ok,,40,40,40,1.0,1.0,0.0,200,200,64,2317,13467,12178.335,True,4,runs\mask_irrelevant\seed-102
103,mask_irrelevant,ok,,40,40,40,1.0,1.0,0.0,200,200,64,2317,13466,12179.485,True,4,runs\mask_irrelevant\seed-103
104,mask_irrelevant,ok,,40,40,40,1.0,1.0,0.0,200,200,64,2317,13464,12178.985,True,4,runs\mask_irrelevant\seed-104
105,mask_irrelevant,ok,,40,40,40,1.0,1.0,0.0,200,200,64,2317,13467,12178.815,True,4,runs\mask_irrelevant\seed-105
106,mask_irrelevant,ok,,40,40,40,1.0,1.0,0.0,200,200,64,2317,13467,12178.815,True,4,runs\mask_irrelevant\seed-106
107,mask_irrelevant,ok,,40,40,40,1.0,1.0,0.0,200,200,64,2317,13467,12179.96,True,4,runs\mask_irrelevant\seed-107
108,mask_irrelevant,ok,,40,40,40,1.0,1.0,0.0,200,200,64,2317,13466,12179.51,True,4,runs\mask_irrelevant\seed-108
109,mask_irrelevant,ok,,40,40,40,1.0,1.0,0.0,200,200,64,2317,13467,12178.895,True,4,runs\mask_irrelevant\seed-109
110,mask_irrelevant,ok,,40,40,40,1.0,1.0,0.0,200,200,64,2317,13466,12179.74,True,4,runs\mask_irrelevant\seed-110
111,mask_irrelevant,ok,,40,40,40,1.0,1.0,0.0,200,200,64,2317,13464,12177.82,True,4,runs\mask_irrelevant\seed-111
112,mask_irrelevant,ok,,40,40,40,1.0,1.0,0.0,200,200,64,2317,13464,12179.09,True,4,runs\mask_irrelevant\seed-112
113,mask_irrelevant,ok,,40,40,40,1.0,1.0,0.0,200,200,64,2317,13466,12179.335,True,4,runs\mask_irrelevant\seed-113
114,mask_irrelevant,ok,,40,40,40,1.0,1.0,0.0,200,200,64,2317,13466,12178.215,True,4,runs\mask_irrelevant\seed-114
115,mask_irrelevant,ok,,40,40,40,1.0,1.0,0.0,200,200,64,2317,13466,12178.79,True,4,runs\mask_irrelevant\seed-115
116,mask_irrelevant,ok,,40,40,40,1.0,1.0,0.0,200,200,64,2317,13467,12178.305,True,4,runs\mask_irrelevant\seed-116
117,mask_irrelevant,ok,,40,40,40,1.0,1.0,0.0,200,200,64,2317,13466,12179.365,True,4,runs\mask_irrelevant\seed-117
118,mask_irrelevant,ok,,40,40,40,1.0,1.0,0.0,200,200,64,2317,13465,12178.165,True,4,runs\mask_irrelevant\seed-118
119,mask_irrelevant,ok,,40,40,40,1.0,1.0,0.0,200,200,64,2317,13465,12178.975,True,4,runs\mask_irrelevant\seed-119
100,history,ok,,40,40,40,1.0,1.0,0.0,200,200,64,2357,13465,12178.675,True,4,runs\history\seed-100
101,history,ok,,40,40,40,1.0,1.0,0.0,200,200,64,2357,13464,12178.72,True,4,runs\history\seed-101
102,history,ok,,40,40,40,1.0,1.0,0.0,200,200,64,2357,13467,12178.335,True,4,runs\history\seed-102
103,history,ok,,40,40,40,1.0,1.0,0.0,200,200,64,2357,13466,12179.485,True,4,runs\history\seed-103
104,history,ok,,40,40,40,1.0,1.0,0.0,200,200,64,2357,13464,12178.985,True,4,runs\history\seed-104
105,history,ok,,40,40,40,1.0,1.0,0.0,200,200,64,2357,13467,12178.815,True,4,runs\history\seed-105
106,history,ok,,40,40,40,1.0,1.0,0.0,200,200,64,2357,13467,12178.815,True,4,runs\history\seed-106
107,history,ok,,40,40,40,1.0,1.0,0.0,200,200,64,2357,13467,12179.96,True,4,runs\history\seed-107
108,history,ok,,40,40,40,1.0,1.0,0.0,200,200,64,2357,13466,12179.51,True,4,runs\history\seed-108
109,history,ok,,40,40,40,1.0,1.0,0.0,200,200,64,2357,13467,12178.895,True,4,runs\history\seed-109
110,history,ok,,40,40,40,1.0,1.0,0.0,200,200,64,2357,13466,12179.74,True,4,runs\history\seed-110
111,history,ok,,40,40,40,1.0,1.0,0.0,200,200,64,2357,13464,12177.82,True,4,runs\history\seed-111
112,history,ok,,40,40,40,1.0,1.0,0.0,200,200,64,2357,13464,12179.09,True,4,runs\history\seed-112
113,history,ok,,40,40,40,1.0,1.0,0.0,200,200,64,2357,13466,12179.335,True,4,runs\history\seed-113
114,history,ok,,40,40,40,1.0,1.0,0.0,200,200,64,2357,13466,12178.215,True,4,runs\history\seed-114
115,history,ok,,40,40,40,1.0,1.0,0.0,200,200,64,2357,13466,12178.79,True,4,runs\history\seed-115
116,history,ok,,40,40,40,1.0,1.0,0.0,200,200,64,2357,13467,12178.305,True,4,runs\history\seed-116
117,history,ok,,40,40,40,1.0,1.0,0.0,200,200,64,2357,13466,12179.365,True,4,runs\history\seed-117
118,history,ok,,40,40,40,1.0,1.0,0.0,200,200,64,2357,13465,12178.165,True,4,runs\history\seed-118
119,history,ok,,40,40,40,1.0,1.0,0.0,200,200,64,2357,13465,12178.975,True,4,runs\history\seed-119
100,reactive,ok,,40,40,21,0.525,0.525,0.25,200,200,64,0,2,2,True,4,runs\reactive\seed-100
101,reactive,ok,,40,40,16,0.4,0.4,0.25,200,200,64,0,2,2,True,4,runs\reactive\seed-101
102,reactive,ok,,40,40,22,0.55,0.55,0.25,200,200,64,0,2,2,True,4,runs\reactive\seed-102
103,reactive,ok,,40,40,21,0.525,0.525,0.25,200,200,64,0,2,2,True,4,runs\reactive\seed-103
104,reactive,ok,,40,40,22,0.55,0.55,0.25,200,200,64,0,2,2,True,4,runs\reactive\seed-104
105,reactive,ok,,40,40,21,0.525,0.525,0.25,200,200,64,0,2,2,True,4,runs\reactive\seed-105
106,reactive,ok,,40,40,23,0.575,0.575,0.25,200,200,64,0,2,2,True,4,runs\reactive\seed-106
107,reactive,ok,,40,40,27,0.675,0.675,0.25,200,200,64,0,2,2,True,4,runs\reactive\seed-107
108,reactive,ok,,40,40,21,0.525,0.525,0.25,200,200,64,0,2,2,True,4,runs\reactive\seed-108
109,reactive,ok,,40,40,14,0.35,0.35,0.25,200,200,64,0,2,2,True,4,runs\reactive\seed-109
110,reactive,ok,,40,40,17,0.425,0.425,0.25,200,200,64,0,2,2,True,4,runs\reactive\seed-110
111,reactive,ok,,40,40,19,0.475,0.475,0.25,200,200,64,0,2,2,True,4,runs\reactive\seed-111
112,reactive,ok,,40,40,21,0.525,0.525,0.25,200,200,64,0,2,2,True,4,runs\reactive\seed-112
113,reactive,ok,,40,40,16,0.4,0.4,0.25,200,200,64,0,2,2,True,4,runs\reactive\seed-113
114,reactive,ok,,40,40,20,0.5,0.5,0.25,200,200,64,0,2,2,True,4,runs\reactive\seed-114
115,reactive,ok,,40,40,24,0.6,0.6,0.25,200,200,64,0,2,2,True,4,runs\reactive\seed-115
116,reactive,ok,,40,40,20,0.5,0.5,0.25,200,200,64,0,2,2,True,4,runs\reactive\seed-116
117,reactive,ok,,40,40,20,0.5,0.5,0.25,200,200,64,0,2,2,True,4,runs\reactive\seed-117
118,reactive,ok,,40,40,15,0.375,0.375,0.25,200,200,64,0,2,2,True,4,runs\reactive\seed-118
119,reactive,ok,,40,40,19,0.475,0.475,0.25,200,200,64,0,2,2,True,4,runs\reactive\seed-119
